JvmtiExport can_access_local_variables 0
JvmtiExport can_hotswap_or_post_breakpoint 0
JvmtiExport can_post_on_exceptions 0
# 443 ciObject found
ciMethod java/lang/Object <init> ()V 4097 1 241457 0 0
ciMethod java/lang/Object hashCode ()I 4097 1 512 0 -1
ciMethod java/lang/Object equals (Ljava/lang/Object;)Z 9 1 1 0 0
instanceKlass com/android/multidex/ArchivePathElement$1$1
instanceKlass com/android/multidex/ArchivePathElement$1
instanceKlass java/util/HashMap$HashIterator
instanceKlass com/android/dx/cf/iface/ParseObserver
instanceKlass com/android/dx/rop/annotation/NameValuePair
instanceKlass java/util/TreeMap$Entry
instanceKlass java/util/NavigableMap
instanceKlass java/util/SortedMap
instanceKlass com/android/dx/cf/direct/AnnotationParser
instanceKlass com/android/dx/cf/direct/DirectClassFile$DcfTypeList
instanceKlass com/android/dx/cf/attrib/InnerClassList$Item
instanceKlass com/android/dx/cf/code/ByteCatchList$Item
instanceKlass com/android/dx/util/Hex
instanceKlass com/android/dx/rop/code/AccessFlags
instanceKlass com/android/dx/cf/code/LocalVariableList$Item
instanceKlass java/io/DataInput
instanceKlass com/android/dx/cf/code/LineNumberList$Item
instanceKlass com/android/dx/cf/code/BytecodeArray$BaseVisitor
instanceKlass com/android/dx/cf/code/BytecodeArray
instanceKlass com/android/dx/cf/iface/Method
instanceKlass com/android/dx/cf/iface/StdMember
instanceKlass com/android/dx/cf/attrib/BaseAttribute
instanceKlass com/android/dx/cf/direct/AttributeListParser
instanceKlass com/android/dx/cf/iface/Field
instanceKlass com/android/dx/cf/iface/Member
instanceKlass com/android/dx/cf/direct/MemberListParser
instanceKlass com/android/dx/rop/type/Prototype
instanceKlass com/android/dx/rop/type/Type
instanceKlass com/android/dx/util/MutabilityControl
instanceKlass com/android/dx/rop/type/TypeBearer
instanceKlass com/android/dx/rop/cst/Constant
instanceKlass com/android/dx/util/ToHuman
instanceKlass com/android/dx/cf/cst/ConstantPoolParser
instanceKlass com/android/dx/cf/code/BytecodeArray$Visitor
instanceKlass com/android/dx/cf/iface/Attribute
instanceKlass com/android/dx/util/ByteArray
instanceKlass com/android/dx/cf/iface/AttributeList
instanceKlass com/android/dx/rop/cst/ConstantPool
instanceKlass com/android/dx/rop/type/TypeList
instanceKlass com/android/dx/cf/iface/MethodList
instanceKlass com/android/dx/cf/iface/FieldList
instanceKlass com/android/dx/cf/direct/DirectClassFile
instanceKlass com/android/dx/cf/iface/ClassFile
instanceKlass java/util/ArrayList$Itr
instanceKlass java/util/zip/ZipFile$ZipEntryIterator
instanceKlass com/android/multidex/ArchivePathElement
instanceKlass java/util/regex/Matcher
instanceKlass java/util/regex/MatchResult
instanceKlass java/util/regex/Pattern$TreeInfo
instanceKlass java/util/regex/ASCII
instanceKlass java/util/regex/Pattern$Node
instanceKlass java/util/regex/Pattern
instanceKlass com/android/dx/cf/direct/AttributeFactory
instanceKlass com/android/multidex/ClassPathElement
instanceKlass com/android/multidex/Path
instanceKlass com/android/dx/cf/iface/HasAttribute
instanceKlass com/android/multidex/MainDexListBuilder
instanceKlass java/lang/Void
instanceKlass java/lang/Class$MethodArray
instanceKlass sun/launcher/LauncherHelper$FXHelper
instanceKlass com/android/multidex/ClassReferenceListBuilder
instanceKlass java/io/FilePermission$1
instanceKlass sun/net/www/MessageHeader
instanceKlass java/net/URLConnection
instanceKlass java/security/PermissionCollection
instanceKlass sun/nio/ByteBuffered
instanceKlass sun/security/util/ManifestEntryVerifier
instanceKlass sun/security/util/SignatureFileVerifier
instanceKlass java/lang/Package
instanceKlass java/util/jar/JarVerifier$3
instanceKlass java/security/CodeSigner
instanceKlass java/util/jar/JarVerifier
instanceKlass sun/misc/ASCIICaseInsensitiveComparator
instanceKlass java/util/jar/Attributes$Name
instanceKlass java/util/jar/Attributes
instanceKlass sun/misc/Resource
instanceKlass sun/misc/IOUtils
instanceKlass java/util/zip/ZStreamRef
instanceKlass java/util/zip/Inflater
instanceKlass java/util/zip/ZipEntry
instanceKlass sun/misc/ExtensionDependency
instanceKlass sun/misc/JarIndex
instanceKlass sun/nio/ch/DirectBuffer
instanceKlass sun/misc/PerfCounter$CoreCounters
instanceKlass sun/misc/Perf
instanceKlass sun/misc/Perf$GetPerfAction
instanceKlass sun/misc/PerfCounter
instanceKlass java/util/zip/ZipCoder
instanceKlass java/util/Deque
instanceKlass java/util/Queue
instanceKlass java/nio/charset/StandardCharsets
instanceKlass java/util/jar/JavaUtilJarAccessImpl
instanceKlass sun/misc/JavaUtilJarAccess
instanceKlass sun/misc/FileURLMapper
instanceKlass sun/misc/URLClassPath$JarLoader$1
instanceKlass java/util/zip/ZipFile$1
instanceKlass sun/misc/JavaUtilZipFileAccess
instanceKlass java/util/zip/ZipFile
instanceKlass java/util/zip/ZipConstants
instanceKlass sun/misc/URLClassPath$Loader
instanceKlass sun/misc/URLClassPath$3
instanceKlass sun/net/util/URLUtil
instanceKlass java/net/URLClassLoader$1
instanceKlass java/io/FileOutputStream$1
instanceKlass sun/usagetracker/UsageTrackerClient$3
instanceKlass sun/usagetracker/UsageTrackerClient$4
instanceKlass sun/usagetracker/UsageTrackerClient$1
instanceKlass java/util/concurrent/atomic/AtomicBoolean
instanceKlass sun/usagetracker/UsageTrackerClient
instanceKlass sun/misc/PostVMInitHook
instanceKlass java/lang/invoke/MethodHandleStatics$1
instanceKlass java/lang/invoke/MethodHandleStatics
instanceKlass java/lang/invoke/MemberName$Factory
instanceKlass java/lang/ClassValue$Version
instanceKlass java/lang/ClassValue$Identity
instanceKlass java/lang/ClassValue
instanceKlass java/lang/invoke/MethodHandleImpl$3
instanceKlass java/lang/invoke/MethodHandleImpl$2
instanceKlass java/util/function/Function
instanceKlass java/lang/invoke/MethodHandleImpl$1
instanceKlass java/lang/invoke/MethodHandleImpl
instanceKlass java/lang/SystemClassLoaderAction
instanceKlass sun/misc/Launcher$AppClassLoader$1
instanceKlass sun/misc/URLClassPath
instanceKlass java/security/Principal
instanceKlass java/security/ProtectionDomain$Key
instanceKlass java/security/ProtectionDomain$2
instanceKlass sun/misc/JavaSecurityProtectionDomainAccess
instanceKlass java/security/ProtectionDomain$JavaSecurityAccessImpl
instanceKlass sun/misc/JavaSecurityAccess
instanceKlass java/net/URLStreamHandler
instanceKlass java/net/Parts
instanceKlass java/lang/CharacterData
instanceKlass sun/util/locale/LocaleUtils
instanceKlass java/util/Locale$LocaleKey
instanceKlass sun/util/locale/BaseLocale$Key
instanceKlass sun/util/locale/BaseLocale
instanceKlass java/util/concurrent/ConcurrentHashMap$CollectionView
instanceKlass java/util/concurrent/ConcurrentHashMap$CounterCell
instanceKlass java/util/concurrent/ConcurrentHashMap$Node
instanceKlass java/util/concurrent/locks/ReentrantLock
instanceKlass java/util/concurrent/locks/Lock
instanceKlass java/util/concurrent/ConcurrentMap
instanceKlass sun/util/locale/LocaleObjectCache
instanceKlass java/util/Locale
instanceKlass java/util/BitSet
instanceKlass sun/net/www/ParseUtil
instanceKlass java/io/FileInputStream$1
instanceKlass java/lang/reflect/Array
instanceKlass java/nio/charset/CoderResult$Cache
instanceKlass java/nio/charset/CoderResult
instanceKlass java/io/Reader
instanceKlass java/lang/Readable
instanceKlass sun/misc/MetaIndex
instanceKlass sun/misc/Launcher$ExtClassLoader$1
instanceKlass java/util/StringTokenizer
instanceKlass java/net/URLClassLoader$7
instanceKlass sun/misc/JavaNetAccess
instanceKlass java/lang/ClassLoader$ParallelLoaders
instanceKlass sun/security/util/Debug
instanceKlass sun/misc/Launcher$Factory
instanceKlass java/net/URLStreamHandlerFactory
instanceKlass java/lang/Compiler$1
instanceKlass java/lang/Compiler
instanceKlass java/lang/System$2
instanceKlass sun/misc/JavaLangAccess
instanceKlass sun/misc/OSEnvironment
instanceKlass java/lang/Integer$IntegerCache
instanceKlass sun/misc/NativeSignalHandler
instanceKlass sun/misc/Signal
instanceKlass java/lang/Terminator$1
instanceKlass sun/misc/SignalHandler
instanceKlass java/lang/Terminator
instanceKlass java/lang/ClassLoader$NativeLibrary
instanceKlass java/io/ExpiringCache$Entry
instanceKlass java/lang/ClassLoader$3
instanceKlass java/lang/StringCoding$StringEncoder
instanceKlass java/nio/file/Path
instanceKlass java/nio/file/Watchable
instanceKlass java/lang/Enum
instanceKlass java/io/ExpiringCache
instanceKlass java/io/FileSystem
instanceKlass java/io/DefaultFileSystem
instanceKlass java/nio/Bits$1
instanceKlass sun/misc/JavaNioAccess
instanceKlass java/nio/ByteOrder
instanceKlass java/nio/Bits
instanceKlass java/nio/charset/CharsetEncoder
instanceKlass sun/nio/cs/ArrayEncoder
instanceKlass sun/security/action/GetPropertyAction
instanceKlass java/io/Writer
instanceKlass sun/reflect/misc/ReflectUtil
instanceKlass java/util/concurrent/atomic/AtomicReferenceFieldUpdater$AtomicReferenceFieldUpdaterImpl$1
instanceKlass java/security/PrivilegedExceptionAction
instanceKlass java/util/concurrent/atomic/AtomicReferenceFieldUpdater
instanceKlass java/io/OutputStream
instanceKlass java/io/Flushable
instanceKlass java/io/FileDescriptor$1
instanceKlass sun/misc/JavaIOFileDescriptorAccess
instanceKlass java/io/FileDescriptor
instanceKlass sun/misc/Version
instanceKlass java/lang/Runtime
instanceKlass java/util/Hashtable$Enumerator
instanceKlass java/util/Iterator
instanceKlass java/util/Enumeration
instanceKlass java/util/Objects
instanceKlass java/util/Collections$SynchronizedCollection
instanceKlass java/nio/charset/CodingErrorAction
instanceKlass java/nio/charset/CharsetDecoder
instanceKlass sun/nio/cs/ArrayDecoder
instanceKlass java/lang/StringCoding$StringDecoder
instanceKlass java/lang/ThreadLocal$ThreadLocalMap
instanceKlass java/lang/StringCoding
instanceKlass sun/reflect/ReflectionFactory$1
instanceKlass java/lang/Class$1
instanceKlass sun/nio/cs/HistoricallyNamedCharset
instanceKlass java/util/Arrays
instanceKlass java/lang/reflect/ReflectAccess
instanceKlass sun/reflect/LangReflectAccess
instanceKlass java/lang/reflect/Modifier
instanceKlass sun/reflect/annotation/AnnotationType
instanceKlass java/lang/Class$AnnotationData
instanceKlass sun/reflect/generics/repository/AbstractRepository
instanceKlass java/lang/Class$Atomic
instanceKlass java/lang/Class$ReflectionData
instanceKlass java/lang/Class$3
instanceKlass java/lang/ThreadLocal
instanceKlass java/nio/charset/spi/CharsetProvider
instanceKlass java/nio/charset/Charset
instanceKlass java/lang/Math
instanceKlass java/util/Hashtable$Entry
instanceKlass sun/misc/VM
instanceKlass java/util/HashMap$Node
instanceKlass java/util/Map$Entry
instanceKlass sun/reflect/Reflection
instanceKlass sun/misc/SharedSecrets
instanceKlass java/lang/ref/Reference$1
instanceKlass sun/misc/JavaLangRefAccess
instanceKlass java/lang/ref/ReferenceQueue$Lock
instanceKlass java/lang/ref/ReferenceQueue
instanceKlass java/util/Collections$UnmodifiableCollection
instanceKlass java/util/AbstractMap
instanceKlass java/util/Set
instanceKlass java/util/Collections
instanceKlass java/lang/ref/Reference$Lock
instanceKlass sun/reflect/ReflectionFactory
instanceKlass java/util/AbstractCollection
instanceKlass java/util/RandomAccess
instanceKlass java/util/List
instanceKlass java/util/Collection
instanceKlass java/lang/Iterable
instanceKlass java/security/cert/Certificate
instanceKlass sun/reflect/ReflectionFactory$GetReflectionFactoryAction
instanceKlass java/security/PrivilegedAction
instanceKlass java/security/AccessController
instanceKlass java/security/Permission
instanceKlass java/security/Guard
instanceKlass java/lang/String$CaseInsensitiveComparator
instanceKlass java/util/Comparator
instanceKlass java/io/ObjectStreamField
instanceKlass java/lang/Number
instanceKlass java/lang/Character
instanceKlass java/lang/Boolean
instanceKlass java/nio/Buffer
instanceKlass java/lang/StackTraceElement
instanceKlass java/security/CodeSource
instanceKlass sun/misc/Launcher
instanceKlass java/util/jar/Manifest
instanceKlass java/net/URL
instanceKlass java/io/File
instanceKlass java/io/InputStream
instanceKlass java/io/Closeable
instanceKlass java/lang/AutoCloseable
instanceKlass sun/misc/Unsafe
instanceKlass java/lang/AbstractStringBuilder
instanceKlass java/lang/Appendable
instanceKlass java/lang/invoke/CallSite
instanceKlass java/lang/invoke/MethodType
instanceKlass java/lang/invoke/LambdaForm
instanceKlass java/lang/invoke/MethodHandleNatives
instanceKlass java/lang/invoke/MemberName
instanceKlass java/lang/invoke/MethodHandle
instanceKlass sun/reflect/CallerSensitive
instanceKlass java/lang/annotation/Annotation
instanceKlass sun/reflect/FieldAccessor
instanceKlass sun/reflect/ConstantPool
instanceKlass sun/reflect/ConstructorAccessor
instanceKlass sun/reflect/MethodAccessor
instanceKlass sun/reflect/MagicAccessorImpl
instanceKlass java/lang/reflect/Parameter
instanceKlass java/lang/reflect/Member
instanceKlass java/lang/reflect/AccessibleObject
instanceKlass java/util/Dictionary
instanceKlass java/util/Map
instanceKlass java/lang/ThreadGroup
instanceKlass java/lang/Thread$UncaughtExceptionHandler
instanceKlass java/lang/Thread
instanceKlass java/lang/Runnable
instanceKlass java/lang/ref/Reference
instanceKlass java/security/AccessControlContext
instanceKlass java/security/ProtectionDomain
instanceKlass java/lang/SecurityManager
instanceKlass java/lang/Throwable
instanceKlass java/lang/System
instanceKlass java/lang/ClassLoader
instanceKlass java/lang/Cloneable
instanceKlass java/lang/Class
instanceKlass java/lang/reflect/Type
instanceKlass java/lang/reflect/GenericDeclaration
instanceKlass java/lang/reflect/AnnotatedElement
instanceKlass java/lang/String
instanceKlass java/lang/CharSequence
instanceKlass java/lang/Comparable
instanceKlass java/io/Serializable
ciInstanceKlass java/lang/Object 1 1 78 100 10 10 10 10 8 10 10 10 100 8 10 3 8 10 10 7 1 1 1 1 1 1 1 1 1 1 1 1 1 1 1 1 1 100 1 1 1 1 1 1 100 1 1 100 1 1 1 1 12 12 100 12 12 1 12 100 12 12 1 1 12 1 12 12 1 1 1 1 1 1 1 1 1 1 1 1
ciInstanceKlass java/io/Serializable 1 0 7 100 100 1 1 1 1
ciMethod java/lang/String <init> ([CII)V 2929 1 6503 0 -1
ciMethod java/lang/String length ()I 3169 1 19388 0 0
ciMethod java/lang/String charAt (I)C 4097 1 93965 0 148
ciMethod java/lang/String equals (Ljava/lang/Object;)Z 2745 9633 2014 0 -1
ciMethod java/lang/String startsWith (Ljava/lang/String;I)Z 2225 3241 5520 0 404
ciMethod java/lang/String startsWith (Ljava/lang/String;)Z 2257 1 7821 0 -1
ciMethod java/lang/String endsWith (Ljava/lang/String;)Z 3865 1 17945 0 0
ciMethod java/lang/String hashCode ()I 2889 32769 1565 0 276
ciMethod java/lang/String substring (II)Ljava/lang/String; 4097 1 11893 0 916
ciMethod java/lang/String toCharArray ()[C 2065 1 9399 0 0
ciInstanceKlass java/lang/String 1 1 548 10 8 9 9 10 100 10 10 10 10 100 10 10 10 10 10 100 8 10 10 8 10 10 10 10 10 10 10 10 10 10 10 100 10 10 10 10 10 10 10 10 10 7 10 10 10 100 100 10 10 11 11 10 10 9 11 10 10 10 10 7 3 10 10 10 10 10 10 10 10 10 10 10 10 10 10 10 11 10 10 10 10 10 7 10 10 8 10 10 3 3 100 10 10 10 10 10 11 100 10 10 100 10 10 10 11 11 11 100 3 10 10 10 10 8 8 8 10 10 10 10 10 10 10 10 10 10 10 100 10 10 10 10 8 10 10 8 8 10 10 10 10 7 9 7 10 7 100 100 100 1 1 1 1 1 1 1 1 1 5 0 1 1 1 1 1 1 1 1 1 1 1 1 1 1 100 100 1 100 1 100 1 1 1 1 1 1 1 1 100 1 100 1 1 1 1 100 100 100 1 1 1 1 1 1 1 1 1 1 1 1 1 1 1 1 1 1 1 1 1 1 1 1 1 1 1 1 1 100 1 1 1 1 1 1 1 1 1 1 1 1 1 1 1 1 1 1 1 1 1 1 1 1 1 1 1 1 1 1 1 1 1 1 1 1 100 1 1 1 100 100 1 100 1 1 1 100 1 1 1 1 1 1 1 1 1 1 1 1 1 1 1 1 1 1 1 1 1 1 1 1 1 12 1 12 12 7 12 1 12 12 12 12 1 100 12 12 12 12 12 1 1 7 12 1 12 12 12 12 12 12 12 100 12 12 1 12 12 7 12 100 12 12 12 12 1 12 1 1 12 12 12 12 7 12 12 100 12 12 12 12 12 1 12 12 12 12 12 12 12 12 12 12 12 12 12 12 12 12 12 12 100 12 12 1 12 12 1 12 1 12 12 12 12 100 12 1 12 12 1 12 12 100 12 100 12 12 1 12 12 12 7 12 1 1 1 100 12 12 12 12 12 12 12 12 12 12 12 1 12 12 1 12 1 1 100 12 100 12 100 12 12 1 12 1 12 1 1 1 1 1 1 1 1 1 1 1 1 1 1 1 1 1 1 1 1 1 1 1 1 1 1 1 1 1 1 1 1 1 1 1 1 1 1 1 1 1 1 1 1 1 1 1 1 1 1 1 1 1 1 1 1 1 1 1 1 1 1 1 1 1 1 1 1 1 1 1 1 1 1 1 1 1 1 1 1 1 1 1 1 1 1 1 1 1 1 1 1 1 1 1 1 1 1 1 1 1
staticfield java/lang/String serialPersistentFields [Ljava/io/ObjectStreamField; 0 [Ljava/io/ObjectStreamField;
staticfield java/lang/String CASE_INSENSITIVE_ORDER Ljava/util/Comparator; java/lang/String$CaseInsensitiveComparator
ciInstanceKlass java/lang/Class 1 1 1224 9 9 10 10 10 10 9 9 9 9 100 10 10 8 10 8 8 10 10 10 10 10 10 10 10 10 8 10 8 8 10 11 10 10 10 10 10 9 10 100 10 9 7 100 8 10 10 7 10 10 100 100 10 10 10 10 9 10 100 10 100 10 10 10 9 10 10 10 10 10 100 100 10 10 10 10 10 9 10 100 10 10 10 10 10 10 10 10 10 10 10 10 10 10 10 10 10 10 100 8 10 10 100 10 100 11 10 10 10 10 10 10 10 8 10 10 10 8 10 10 10 8 10 8 10 10 10 10 8 10 100 10 10 10 10 100 10 100 10 10 10 10 10 10 10 10 100 10 10 10 10 10 10 10 10 10 10 10 10 10 9 10 9 100 10 9 10 100 10 9 10 10 10 10 10 10 10 8 10 10 9 10 7 9 10 10 7 10 10 10 10 9 10 9 10 10 10 10 9 9 10 9 100 10 100 10 10 11 11 11 7 11 11 9 9 7 100 10 9 9 10 10 9 7 10 10 10 10 10 10 10 10 10 10 10 10 10 10 10 10 10 10 10 10 10 10 10 10 10 8 7 10 8 8 8 8 10 10 9 9 10 100 9 7 10 7 7 10 10 10 8 10 100 10 100 10 100 8 10 100 10 10 11 10 100 10 10 8 8 10 10 9 11 100 11 9 10 10 10 9 9 10 10 10 10 10 11 11 11 11 100 11 10 10 100 11 10 10 10 11 11 100 10 10 9 9 10 10 10 10 7 9 100 100 100 100 1 1 1 1 7 1 1 1 1 1 3 1 3 1 3 1 1 1 1 1 1 1 1 1 1 1 1 1 1 1 1 1 1 1 1 1 1 1 5 0 1 1 1 1 1 1 1 1 1 1 1 1 1 1 1 1 100 1 1 1 1 1 1 1 1 1 1 1 100 100 100 1 100 1 1 1 100 1 1 1 1 100 1 1 1 1 1 1 100 100 100 1 1 1 1 1 1 1 1 1 1 1 1 1 1 1 1 100 1 1 1 100 1 1 1 1 1 1 1 1 1 1 100 1 1 1 1 100 1 1 1 1 1 1 1 1 1 1 100 100 100 100 100 1 1 1 1 1 1 1 1 100 1 1 1 1 1 1 100 1 1 1 1 1 1 1 100 1 1 1 1 1 1 1 1 1 1 1 100 1 1 1 1 1 1 1 1 1 1 1 1 1 1 1 1 1 1 1 100 1 1 1 1 1 1 1 1 1 1 100 1 1 1 1 1 1 1 1 1 1 1 1 1 1 1 1 1 1 100 1 1 100 100 1 1 1 1 1 1 1 1 1 1 100 1 1 1 1 1 1 1 1 1 1 1 1 1 1 1 1 1 1 1 100 1 1 1 1 1 1 1 1 1 1 1 1 1 100 1 1 1 1 1 1 1 1 100 1 100 1 1 1 1 1 1 1 1 1 1 1 1 1 1 1 1 1 1 1 1 1 1 1 100 1 1 100 100 1 1 1 1 1 1 1 1 1 1 1 1 1 1 1 1 1 1 1 1 1 12 12 12 12 12 12 12 12 12 12 1 12 1 12 1 1 12 12 12 12 100 12 12 12 12 1 12 1 1 12 12 7 12 7 12 12 7 12 100 12 100 12 100 12 1 12 12 1 1 1 12 12 1 12 7 12 1 1 12 12 12 12 12 1 100 12 12 12 12 12 12 12 12 100 1 1 12 12 100 12 12 12 12 100 12 1 12 12 12 12 12 12 100 12 12 12 12 12 12 7 12 12 12 1 1 12 1 12 1 12 100 12 12 12 100 12 12 1 12 12 12 1 12 12 12 1 12 1 12 12 12 12 1 12 1 12 12 12 1 12 1 12 12 12 12 12 12 12 12 1 12 12 12 12 12 12 12 12 12 12 12 12 12 12 1 12 12 1 12 12 100 12 12 12 100 12 12 12 12 1 12 12 12 12 1 12 12 12 1 12 12 100 12 100 12 12 12 12 12 12 12 12 12 12 12 12 1 1 12 100 12 12 100 12 1 12 100 12 12 1 1 12 12 12 12 12 12 1 12 12 12 12 12 12 12 12 12 12 12 12 12 12 12 12 12 12 12 12 1 1 100 1 1 1 1 12 12 12 12 12 1 12 1 1 1 1 12 100 1 12 1 12 1 12 1 1 1 12 100 12 12 1 12 1 1 100 12 12 12 12 1 12 12 100 12 100 12 12 12 12 12 12 12 12 12 12 100 12 12 1 1 12 100 12 12 1 100 12 12 12 12 1 12 12 12 100 12 12 100 12 12 12 1 12 1 1 1 1 1 100 1 1 1 1 1 1 1 1 1 1 1 1 1 1 1 1 1 1 1 1 1 1 1 1 1 1 1 1 1 1 1 1 1 1 1 1 1 1 1 1 1 1 1 1 1 1 1 1 1 1 1 1 1 1 1 1 1 1 1 1 1 1 1 1 1 1 1 1 1 1 1 1 1 1 1 1 1 1 1 1 1 1 1 1 1 1 1 1 1 1 1 1 1 1 1 1 1 1 1 1 1 1 1 1 1 1 1 1 1 1 1 1 1 1 1 1 1 1 1 1 1 1 1 1 1 1 1 1 1 1 1 1 1 1 1 1 1 1 1 1 1 1 1 1 1 1 1 1 1 1 1 1 1 1 1 1 1 1 1 1 1 1 1 1 1 1 1 1 1 1 1 1 1 1 1 1 1 1 1 1 1 1 1 1 1 1 1 1 1 1 1 1 1 1 1 1 1 1 1 1 1 1 1 1 1 1 1 1 1
staticfield java/lang/Class serialPersistentFields [Ljava/io/ObjectStreamField; 0 [Ljava/io/ObjectStreamField;
ciInstanceKlass java/lang/Cloneable 1 0 7 100 100 1 1 1 1
instanceKlass sun/reflect/DelegatingClassLoader
instanceKlass java/security/SecureClassLoader
ciInstanceKlass java/lang/ClassLoader 1 1 865 9 9 9 10 10 10 10 7 10 7 7 7 10 10 9 7 10 9 9 9 9 9 9 10 10 7 10 9 9 7 10 10 9 7 9 100 10 10 10 10 10 10 10 10 10 7 10 10 10 10 10 10 10 10 10 10 10 10 10 10 10 100 10 100 10 10 11 10 10 10 100 100 10 8 10 10 10 8 10 100 8 10 10 10 10 10 10 10 10 10 10 10 10 10 10 10 10 10 10 10 10 10 10 10 10 8 11 9 11 10 8 8 10 10 10 10 10 10 10 10 100 100 10 10 10 100 10 10 10 7 10 10 10 10 10 10 100 10 10 10 100 10 10 10 9 9 100 8 10 10 10 7 10 10 100 10 100 10 100 10 10 10 10 10 9 10 10 100 10 7 10 10 10 10 10 10 10 10 11 11 11 100 10 9 10 10 7 8 10 9 8 10 9 8 7 10 10 100 8 10 10 10 8 8 10 10 10 8 8 10 10 7 10 10 10 9 10 10 7 9 10 10 8 8 10 10 10 8 10 10 10 10 9 10 10 10 100 10 10 10 10 9 9 9 9 9 10 7 7 10 1 1 7 1 1 1 1 1 1 1 1 1 1 1 1 1 1 1 1 1 1 1 1 1 1 1 1 1 1 1 1 1 1 1 1 1 1 1 1 1 1 1 1 1 1 1 1 1 1 1 1 1 1 1 1 1 100 1 1 100 100 1 1 1 1 1 1 100 100 100 100 100 1 1 1 1 1 1 100 100 1 1 1 1 100 1 1 1 1 1 1 1 1 1 1 100 1 1 1 1 1 1 1 1 1 1 1 1 1 1 1 1 100 100 1 1 1 1 1 1 1 1 1 1 1 1 1 1 100 1 1 1 1 1 1 1 1 1 1 1 100 100 1 1 1 1 1 100 100 1 1 1 1 1 100 100 1 1 1 1 1 1 1 1 1 1 1 1 100 1 1 1 1 1 1 1 1 100 1 1 100 1 1 1 1 100 100 1 1 1 1 1 1 1 1 1 1 100 1 100 1 1 1 1 1 1 1 1 1 12 12 12 12 7 12 100 12 12 1 1 1 12 12 12 1 12 12 12 12 12 12 12 12 1 12 12 1 7 12 12 1 12 1 12 12 12 12 12 12 12 12 1 12 7 12 12 12 12 12 12 12 12 12 100 12 7 12 12 12 12 1 12 1 12 7 12 7 12 12 12 12 1 1 1 12 12 1 12 1 1 12 12 12 12 7 12 12 12 12 12 12 100 12 12 12 12 12 12 12 12 12 12 7 12 12 1 100 12 12 12 12 1 1 12 12 12 12 12 12 12 12 1 1 12 12 12 1 12 12 7 12 1 12 12 12 100 12 100 12 1 12 7 12 1 12 12 12 12 12 1 1 12 12 1 12 12 1 12 1 100 1 12 12 12 12 12 100 12 12 12 1 1 12 12 12 12 12 12 12 100 12 1 12 12 12 12 1 1 12 1 12 12 1 1 12 1 1 12 12 1 1 12 12 100 12 1 1 12 1 12 12 12 12 12 1 12 12 1 1 12 1 12 12 12 12 12 12 12 12 1 12 12 12 12 100 12 12 12 12 12 12 1 1 1 1 1 1 1 1 1 1 1 1 1 1 1 1 1 1 1 1 1 1 1 1 1 1 1 1 1 1 1 1 1 1 1 1 1 1 1 1 1 1 1 1 1 1 1 1 1 1 1 1 1 1 1 1 1 1 1 1 1 1 1 1 1 1 1 1 1 1 1 1 1 1 1 1 1 1 1 1 1 1 1 1 1 1 1 1 1 1 1 1 1 1 1 1 1 1 1 1 1 1 1 1 1 1 1 1 1 1 1 1 1 1 1 1 1 1 1 1 1 1 1 1 1 1 1 1 1 1 1 1 1 1 1 1 1 1 1 1 1 1 1 1 1 1 1 1 1 1 1 1 1 1 1 1 1 1 1 1 1 1 1
staticfield java/lang/ClassLoader nocerts [Ljava/security/cert/Certificate; 0 [Ljava/security/cert/Certificate;
ciMethod java/lang/System arraycopy (Ljava/lang/Object;ILjava/lang/Object;II)V 5121 1 640 0 -1
ciInstanceKlass java/lang/System 1 1 375 10 10 10 10 10 9 7 10 11 10 10 10 100 8 10 10 8 10 100 10 8 10 10 100 10 10 9 10 9 9 7 10 10 10 10 10 10 100 100 8 10 10 7 10 100 8 10 8 10 100 8 10 100 10 8 10 10 10 8 10 10 10 10 10 10 10 10 10 7 7 10 10 100 10 10 8 10 7 9 10 7 9 10 9 7 10 8 10 8 8 10 10 10 10 10 10 10 10 7 10 10 10 9 9 9 100 1 1 1 1 1 1 1 1 1 1 1 1 1 1 1 1 1 1 1 1 1 1 1 1 1 1 1 100 100 1 1 1 100 1 100 1 1 1 1 1 100 1 1 1 1 1 1 1 1 1 1 1 1 1 1 1 1 1 1 1 1 1 1 1 1 1 1 1 1 1 1 1 1 1 1 1 1 1 1 1 1 1 1 1 100 1 1 1 1 1 12 12 12 12 12 12 1 7 12 100 12 100 12 12 12 1 1 12 100 12 1 12 1 12 12 100 12 1 12 100 12 12 12 12 12 1 12 12 12 12 12 1 1 1 12 12 1 12 1 1 1 12 1 1 1 1 12 12 100 12 1 12 7 12 12 12 12 12 7 12 12 12 1 1 12 12 1 12 7 12 1 7 12 1 7 12 12 1 12 12 1 12 1 12 1 1 12 7 12 12 7 12 12 7 12 12 12 1 12 12 12 12 12 1 1 1 1 1 1 1 1 1 1 1 1 1 1 1 1 1 1 1 1 1 1 1 1 1 1 1 1 1 1 1 1 1 1 1 1 1 1 1 1 1 1 1 1 1 1 1 1 1 1 1 1 1 1 1 1 1 1 1 1 1 1 1 1 1
staticfield java/lang/System in Ljava/io/InputStream; java/io/BufferedInputStream
staticfield java/lang/System out Ljava/io/PrintStream; java/io/PrintStream
staticfield java/lang/System err Ljava/io/PrintStream; java/io/PrintStream
instanceKlass java/lang/Exception
instanceKlass java/lang/Error
ciInstanceKlass java/lang/Throwable 1 1 340 10 9 9 9 9 9 10 9 10 10 100 100 10 8 10 8 10 10 10 100 8 10 10 10 10 8 9 10 100 10 10 100 10 10 11 10 10 10 8 10 10 7 8 8 10 10 8 8 9 10 100 10 11 8 8 10 8 10 8 100 10 9 10 10 100 10 7 10 10 100 8 10 10 11 7 10 11 11 11 8 8 10 11 10 9 8 10 9 10 9 11 100 10 10 7 100 100 1 1 1 100 1 100 1 1 1 1 5 0 1 1 1 1 1 1 1 1 1 1 1 1 1 1 1 1 1 1 1 1 1 1 1 1 1 1 1 1 1 1 100 100 1 1 1 1 1 1 1 1 1 1 1 1 100 100 100 1 1 1 1 1 1 1 1 1 1 1 1 1 1 1 1 1 100 100 1 100 100 1 1 1 1 1 1 1 1 12 12 12 12 12 12 12 12 12 12 1 1 1 12 1 100 12 12 1 1 12 7 12 12 1 100 12 12 1 12 12 1 7 12 100 12 12 12 12 1 12 12 1 1 1 12 12 1 1 12 100 12 1 12 1 1 12 1 12 1 1 12 12 12 100 12 12 1 12 100 1 1 12 100 12 100 12 1 12 12 100 12 12 1 1 100 12 1 100 12 100 12 12 12 12 12 1 1 1 1 1 1 1 1 1 1 1 1 1 1 1 1 1 1 1 1 1 1 1 1 1 1 1 1 1 1 1 1 1 1 1 1 1 1 1 1 1 1 1 1 1 1 1 1 1 1 1 1 1 1 1 1 1
staticfield java/lang/Throwable UNASSIGNED_STACK [Ljava/lang/StackTraceElement; 0 [Ljava/lang/StackTraceElement;
staticfield java/lang/Throwable SUPPRESSED_SENTINEL Ljava/util/List; java/util/Collections$UnmodifiableRandomAccessList
staticfield java/lang/Throwable EMPTY_THROWABLE_ARRAY [Ljava/lang/Throwable; 0 [Ljava/lang/Throwable;
staticfield java/lang/Throwable $assertionsDisabled Z 1
instanceKlass java/lang/AssertionError
instanceKlass java/lang/VirtualMachineError
instanceKlass java/lang/LinkageError
instanceKlass java/lang/ThreadDeath
ciInstanceKlass java/lang/Error 1 1 30 10 10 10 10 10 100 7 1 1 1 5 0 1 1 1 1 1 1 1 1 1 1 12 12 12 12 12 1 1
ciInstanceKlass java/lang/ThreadDeath 0 0 18 10 100 100 1 1 1 5 0 1 1 1 1 1 1 12 1 1
instanceKlass java/io/IOException
instanceKlass java/lang/InterruptedException
instanceKlass java/lang/ReflectiveOperationException
instanceKlass java/lang/RuntimeException
ciInstanceKlass java/lang/Exception 1 1 30 10 10 10 10 10 100 7 1 1 1 5 0 1 1 1 1 1 1 1 1 1 1 12 12 12 12 12 1 1
instanceKlass java/util/NoSuchElementException
instanceKlass java/lang/NegativeArraySizeException
instanceKlass java/lang/UnsupportedOperationException
instanceKlass java/lang/IndexOutOfBoundsException
instanceKlass java/lang/IllegalStateException
instanceKlass com/android/dex/util/ExceptionWithContext
instanceKlass java/lang/IllegalArgumentException
instanceKlass java/lang/ArithmeticException
instanceKlass java/lang/NullPointerException
instanceKlass java/lang/IllegalMonitorStateException
instanceKlass java/lang/ArrayStoreException
instanceKlass java/lang/ClassCastException
ciInstanceKlass java/lang/RuntimeException 1 1 30 10 10 10 10 10 100 100 1 1 1 5 0 1 1 1 1 1 1 1 1 1 1 12 12 12 12 12 1 1
ciInstanceKlass java/lang/SecurityManager 0 0 383 9 10 100 9 10 9 100 10 100 8 10 10 10 10 10 10 10 10 10 100 10 10 9 10 10 10 100 8 10 9 9 8 9 100 10 8 10 10 10 100 10 10 100 100 8 10 8 8 8 8 8 8 10 8 8 8 8 8 10 10 8 100 8 10 8 8 8 8 8 10 8 100 8 8 10 8 9 8 9 9 8 10 100 8 10 10 100 10 10 10 8 9 9 100 10 10 10 9 8 8 9 9 100 10 9 8 8 8 10 10 9 100 10 10 100 1 1 1 1 1 1 1 1 1 1 1 1 1 1 1 1 1 1 1 1 1 1 100 1 1 1 100 100 100 1 1 1 1 100 1 1 1 100 1 1 1 1 1 1 1 1 1 1 1 1 1 1 1 1 1 1 100 1 1 1 1 1 1 1 100 1 1 1 1 1 1 1 1 1 1 1 1 1 100 1 1 1 1 1 100 1 1 1 1 1 100 100 1 1 1 1 1 100 1 1 1 1 1 1 1 1 12 12 1 12 12 12 1 100 12 1 1 12 12 12 12 12 12 12 100 12 1 12 100 12 12 100 12 1 1 12 12 1 12 1 1 12 12 12 1 12 1 1 1 12 1 1 1 1 1 1 12 1 1 1 1 1 12 12 1 1 1 1 1 1 1 1 100 12 1 1 1 1 1 100 12 1 12 12 1 12 1 1 12 1 12 12 12 1 12 12 1 12 12 12 12 1 1 12 12 1 12 1 1 1 12 100 12 12 1 12 1 1 1 1 1 1 1 1 1 1 1 1 1 1 1 1 1 1 1 1 1 1 1 1 1 1 1 1 1 1 1 1 1 1 1 1 1 1 1 1 1 1 1 1 1 1 1 1 1 1 1
ciInstanceKlass java/security/ProtectionDomain 1 1 285 10 9 7 10 9 9 9 10 7 9 9 7 9 9 10 100 10 10 10 10 9 10 8 100 8 10 10 10 10 10 8 11 8 10 8 8 10 10 10 10 8 10 8 8 10 9 10 9 10 100 100 10 10 7 10 100 10 10 11 11 11 100 10 10 11 11 10 10 11 10 7 10 10 8 10 7 10 10 7 7 1 1 1 1 1 1 1 1 1 1 1 1 1 1 1 1 1 1 1 1 1 1 1 100 100 100 1 100 1 1 1 1 1 1 1 1 1 1 1 1 1 1 100 100 1 100 100 1 100 100 100 100 100 100 100 1 1 1 1 12 12 1 12 12 12 12 12 1 12 12 1 12 12 100 12 100 100 12 12 12 100 12 1 1 1 12 12 100 12 12 1 1 12 1 1 12 12 12 12 1 12 1 1 100 12 12 12 12 100 12 1 1 100 12 1 1 12 12 100 12 12 100 12 1 12 12 12 12 100 12 12 12 1 12 7 12 1 7 12 1 12 1 1 1 1 1 1 1 1 1 1 1 1 1 1 1 1 1 1 1 1 1 1 1 1 1 1 1 1 1 1 1 1 1 1 1 1 1 1 1 1 1 1 1 1 1 1 1 1 1 1 1 1 1 1 1 1 1 1 1 1 1 1 1
staticfield java/security/ProtectionDomain debug Lsun/security/util/Debug; null
ciInstanceKlass java/security/AccessControlContext 1 1 313 9 9 10 8 10 10 9 9 9 10 100 100 10 11 11 11 11 100 11 10 10 9 10 11 10 100 100 8 10 10 100 9 9 9 9 9 9 9 10 9 10 10 8 10 10 10 100 10 10 10 10 8 10 8 10 8 8 10 8 10 8 10 10 10 8 8 100 10 10 100 10 8 10 10 10 8 10 10 10 7 10 10 10 10 10 10 10 10 7 1 1 1 1 1 1 1 1 1 1 1 1 1 1 1 1 1 1 1 1 1 1 1 1 1 1 100 100 1 1 100 1 100 100 1 1 1 1 1 1 1 1 100 1 1 1 100 1 1 100 1 1 1 1 1 1 1 1 1 1 1 1 1 1 1 1 1 1 1 1 1 1 1 12 12 100 12 1 100 12 12 12 12 12 100 12 1 12 100 12 12 12 12 1 12 12 100 12 100 12 100 12 100 12 1 1 1 12 12 1 12 12 12 12 12 12 12 7 12 12 12 12 1 12 12 100 12 1 12 100 12 1 100 12 1 100 12 1 1 12 1 12 1 12 12 12 1 1 1 12 12 1 12 1 12 1 12 12 12 1 12 12 12 12 12 12 1 1 1 1 1 1 1 1 1 1 1 1 1 1 1 1 1 1 1 1 1 1 1 1 1 1 1 1 1 1 1 1 1 1 1 1 1 1 1 1 1 1 1 1 1 1 1 1 1 1 1 1 1 1 1 1 1
instanceKlass java/net/URLClassLoader
ciInstanceKlass java/security/SecureClassLoader 1 1 134 10 7 10 9 10 10 9 10 10 10 10 10 7 10 10 7 10 10 10 9 100 10 8 10 10 10 10 8 100 8 10 8 10 10 7 7 1 1 1 1 1 1 1 1 1 1 1 1 1 100 100 100 1 1 1 1 1 1 1 1 1 1 100 100 100 1 1 1 1 12 1 12 12 7 12 100 12 12 12 12 12 12 12 1 12 1 12 12 12 12 1 1 12 12 12 7 12 1 1 1 12 1 12 12 1 1 1 1 1 1 1 1 1 1 1 1 1 1 1 1 1 1 1 1 1 1 1 1 1 1 1 1 1
staticfield java/security/SecureClassLoader debug Lsun/security/util/Debug; null
instanceKlass java/lang/ClassNotFoundException
ciInstanceKlass java/lang/ReflectiveOperationException 1 1 27 10 10 10 10 100 7 1 1 1 5 0 1 1 1 1 1 1 1 1 1 12 12 12 12 1 1
ciInstanceKlass java/lang/ClassNotFoundException 1 1 32 100 10 10 9 100 7 1 1 1 5 0 1 1 1 1 1 1 1 1 1 1 1 1 1 1 12 12 12 1 1 1
instanceKlass java/lang/IncompatibleClassChangeError
instanceKlass java/lang/BootstrapMethodError
instanceKlass java/lang/NoClassDefFoundError
ciInstanceKlass java/lang/LinkageError 1 1 24 10 10 10 100 7 1 1 1 5 0 1 1 1 1 1 1 1 1 12 12 12 1 1
ciInstanceKlass java/lang/NoClassDefFoundError 0 0 21 10 10 100 100 1 1 1 5 0 1 1 1 1 1 1 1 12 12 1 1
ciInstanceKlass java/lang/ClassCastException 1 1 21 10 10 100 100 1 1 1 5 0 1 1 1 1 1 1 1 12 12 1 1
ciInstanceKlass java/lang/ArrayStoreException 1 1 21 10 10 100 100 1 1 1 5 0 1 1 1 1 1 1 1 12 12 1 1
instanceKlass java/lang/StackOverflowError
instanceKlass java/lang/OutOfMemoryError
ciInstanceKlass java/lang/VirtualMachineError 1 1 27 10 10 10 10 100 100 1 1 1 5 0 1 1 1 1 1 1 1 1 1 12 12 12 12 1 1
ciInstanceKlass java/lang/OutOfMemoryError 1 1 21 10 10 100 100 1 1 1 5 0 1 1 1 1 1 1 1 12 12 1 1
ciInstanceKlass java/lang/StackOverflowError 1 1 21 10 10 100 100 1 1 1 5 0 1 1 1 1 1 1 1 12 12 1 1
ciInstanceKlass java/lang/IllegalMonitorStateException 1 1 21 10 10 100 100 1 1 1 5 0 1 1 1 1 1 1 1 12 12 1 1
ciMethod java/lang/ref/Reference get ()Ljava/lang/Object; 2161 1 270 0 -1
instanceKlass java/lang/ref/PhantomReference
instanceKlass java/lang/ref/FinalReference
instanceKlass java/lang/ref/WeakReference
instanceKlass java/lang/ref/SoftReference
ciInstanceKlass java/lang/ref/Reference 1 1 141 9 9 7 9 10 100 10 100 10 9 9 10 9 9 10 10 7 10 10 10 10 7 8 10 7 10 10 10 7 10 10 7 7 1 1 1 1 1 1 1 1 1 1 1 1 1 1 1 1 1 1 1 1 1 1 1 100 100 100 100 100 100 100 1 1 1 1 1 1 1 1 1 1 1 1 1 1 100 1 1 1 12 12 1 12 12 1 12 1 12 12 7 12 12 12 12 12 12 1 12 12 12 7 12 1 1 12 1 12 12 12 1 7 12 1 1 1 1 1 1 1 1 1 1 1 1 1 1 1 1 1 1 1 1 1 1 1 1 1 1
instanceKlass sun/util/locale/LocaleObjectCache$CacheEntry
ciInstanceKlass java/lang/ref/SoftReference 1 1 35 10 9 9 10 10 7 7 1 1 1 1 1 1 1 1 1 1 1 1 1 1 100 1 1 1 1 12 12 12 12 12 1 1 1
instanceKlass java/lang/ClassValue$Entry
instanceKlass java/util/WeakHashMap$Entry
instanceKlass java/lang/ThreadLocal$ThreadLocalMap$Entry
ciInstanceKlass java/lang/ref/WeakReference 1 1 20 10 10 100 7 1 1 1 1 1 1 1 1 1 1 1 12 12 1 1
instanceKlass java/lang/ref/Finalizer
ciInstanceKlass java/lang/ref/FinalReference 1 1 16 10 100 7 1 1 1 1 1 1 1 1 1 12 1 1
instanceKlass sun/misc/Cleaner
ciInstanceKlass java/lang/ref/PhantomReference 1 1 19 10 100 100 1 1 1 1 1 1 1 1 1 1 1 1 12 1 1
ciInstanceKlass sun/misc/Cleaner 1 1 75 9 9 9 9 10 9 7 10 10 10 11 100 100 10 10 7 10 100 1 1 1 1 1 1 1 1 1 1 1 1 1 1 1 1 1 1 1 1 1 1 1 1 100 1 1 1 1 12 12 12 12 12 12 1 12 12 12 100 12 1 1 12 100 12 1 12 1 1 1 1 1 1 1 1
staticfield sun/misc/Cleaner dummyQueue Ljava/lang/ref/ReferenceQueue; java/lang/ref/ReferenceQueue
ciInstanceKlass java/lang/ref/Finalizer 1 1 151 9 9 9 10 9 9 10 10 7 10 10 10 10 7 11 100 10 100 10 10 10 100 10 10 100 10 7 10 7 10 10 10 10 7 10 7 10 10 10 7 1 1 1 1 1 1 1 1 1 1 1 1 1 1 1 1 1 1 1 100 100 1 1 1 1 1 1 1 1 1 1 1 1 1 1 1 1 1 1 1 1 1 1 100 1 1 1 12 12 12 12 12 12 12 12 1 12 12 12 12 1 7 12 1 12 1 12 100 12 100 12 1 12 12 1 1 1 12 12 7 12 1 12 1 12 12 12 1 1 1 1 1 1 1 1 1 1 1 1 1 1 1 1 1 1 1 1 1 1 1
staticfield java/lang/ref/Finalizer lock Ljava/lang/Object; java/lang/Object
instanceKlass java/lang/ref/Finalizer$FinalizerThread
instanceKlass java/lang/ref/Reference$ReferenceHandler
ciInstanceKlass java/lang/Thread 1 1 558 9 9 9 9 100 8 10 3 8 3 10 10 100 8 10 10 9 10 10 10 10 10 10 10 9 10 10 9 10 9 10 9 10 9 10 9 9 10 9 10 9 10 9 100 10 10 9 9 9 7 100 10 8 10 10 10 10 10 100 10 10 10 10 100 11 10 9 10 9 10 100 10 10 100 10 10 11 10 100 10 10 10 7 10 10 10 10 7 10 10 10 10 10 10 10 100 8 10 10 10 8 10 8 10 8 8 10 10 7 8 10 9 9 10 10 10 9 10 100 10 11 9 9 10 100 10 11 100 10 10 11 10 100 10 10 10 8 9 10 11 10 11 10 7 8 100 1 1 100 1 100 1 100 1 1 1 1 1 1 1 1 1 1 1 1 1 1 1 1 1 1 1 1 1 1 1 100 1 1 1 1 1 1 1 1 1 1 1 1 1 1 1 3 1 3 1 3 1 1 1 1 1 1 1 1 1 1 1 1 1 1 1 1 1 1 1 1 1 1 1 1 1 100 100 100 100 1 1 1 1 1 1 100 1 1 1 1 100 100 100 100 100 1 1 1 1 1 1 1 1 1 1 1 1 1 1 1 1 1 1 1 1 1 1 1 1 1 1 1 1 1 1 1 1 1 1 1 1 1 1 1 1 1 1 1 1 1 1 1 1 1 1 1 1 1 1 1 100 100 1 1 100 100 1 1 1 1 100 100 1 1 1 1 1 1 1 1 1 1 1 1 1 1 100 1 1 1 1 100 1 1 1 1 1 1 1 1 1 1 1 12 12 12 12 1 1 12 1 12 12 1 1 12 12 12 7 12 100 12 7 12 12 12 12 12 12 12 12 12 12 12 12 12 7 12 12 12 12 12 100 12 12 12 12 1 12 12 12 12 1 1 1 12 12 12 12 12 1 12 12 12 1 12 12 12 100 12 12 1 12 1 12 100 12 12 1 12 12 1 12 12 12 1 12 12 12 12 12 12 12 1 1 12 12 1 12 1 1 1 100 12 100 12 1 12 12 12 12 12 12 1 12 100 12 12 12 12 1 12 100 12 1 12 12 12 12 1 12 12 100 12 12 12 12 100 12 12 12 1 1 1 1 1 1 1 1 1 1 1 1 1 1 1 1 1 1 1 1 1 1 1 1 1 1 1 1 1 1 1 1 1 1 1 1 1 1 1 1 1 1 1 1 1 1 1 1 1 1 1 1 1 1 1 1 1 1 1 1 1 1 1 1 1 1 1 1 1 1 1 1 1 1 1 1 1 1 1
staticfield java/lang/Thread EMPTY_STACK_TRACE [Ljava/lang/StackTraceElement; 0 [Ljava/lang/StackTraceElement;
staticfield java/lang/Thread SUBCLASS_IMPLEMENTATION_PERMISSION Ljava/lang/RuntimePermission; java/lang/RuntimePermission
ciInstanceKlass java/lang/ThreadGroup 1 1 275 10 9 8 9 7 9 9 10 10 10 10 10 9 9 10 10 9 10 9 9 10 100 10 10 10 9 10 10 9 10 10 10 10 10 10 10 10 10 10 10 100 10 10 10 7 10 100 10 9 10 8 10 10 10 10 11 100 9 100 10 8 10 10 8 10 10 10 10 10 8 10 8 10 8 7 100 1 1 1 1 1 1 1 1 1 1 1 1 1 1 1 1 1 1 1 1 1 1 1 1 1 1 1 1 1 1 1 1 1 1 1 1 1 1 1 1 100 100 100 1 1 1 100 1 1 1 1 1 1 1 1 1 1 1 1 1 1 1 1 1 100 1 1 1 1 1 1 1 1 1 1 1 100 1 1 100 1 1 1 1 12 12 1 12 1 12 12 12 12 12 12 12 12 12 12 12 12 100 12 12 12 100 12 12 7 12 100 12 12 12 12 12 12 12 12 12 12 12 12 12 12 1 12 12 1 12 12 12 12 1 100 12 12 12 12 1 12 1 1 12 12 1 12 100 12 100 12 12 100 1 1 12 1 1 1 1 1 1 1 1 1 1 1 1 1 1 1 1 1 1 1 1 1 1 1 1 1 1 1 1 1 1 1 1 1 1 1 1 1 1 1 1 1 1
ciMethod java/util/Map put (Ljava/lang/Object;Ljava/lang/Object;)Ljava/lang/Object; 0 0 1 0 -1
ciMethod java/util/Map remove (Ljava/lang/Object;)Ljava/lang/Object; 0 0 1 0 -1
ciInstanceKlass java/util/Map 1 1 139 11 11 10 11 11 11 11 100 11 11 100 100 10 11 11 11 11 10 11 11 100 100 1 1 1 1 1 1 1 1 1 1 1 1 1 1 1 1 1 1 1 1 1 1 1 1 1 1 1 1 1 1 1 1 1 1 1 1 100 1 1 1 100 100 100 100 100 1 1 1 100 1 1 1 1 1 1 1 1 1 1 1 1 1 1 1 1 1 1 1 12 12 100 12 12 100 12 100 12 12 1 12 12 1 1 12 100 12 100 12 12 12 12 12 100 12 1 1 1 1 1 1 1 1 1 1 1 1 1 1 1 1 1 1 1 1 1 1
instanceKlass java/util/Hashtable
ciInstanceKlass java/util/Dictionary 1 1 31 10 100 7 1 1 1 1 1 1 1 1 1 1 1 1 1 1 1 1 1 1 1 1 1 1 1 1 12 1 1
instanceKlass java/util/Properties
ciInstanceKlass java/util/Hashtable 1 1 412 100 9 9 9 10 10 100 100 10 8 10 10 10 10 10 8 10 9 7 7 4 10 9 4 10 11 10 10 10 100 10 9 10 9 10 10 3 9 9 3 10 10 10 11 11 11 11 7 11 11 10 10 10 9 9 9 100 100 10 10 8 10 10 8 10 8 10 7 10 10 100 10 10 7 10 100 10 10 7 11 11 100 10 10 10 11 100 10 100 11 11 10 10 10 10 10 10 10 10 100 10 7 100 100 100 1 1 1 1 1 1 1 1 1 1 1 1 1 1 1 1 1 1 1 5 0 1 1 1 1 1 1 1 1 1 1 3 1 3 1 3 1 1 1 1 1 100 1 1 1 1 1 1 1 1 1 1 1 1 1 1 1 100 1 1 100 1 1 1 1 1 1 1 1 1 1 1 1 100 1 1 1 100 1 1 100 100 100 1 1 1 1 1 1 1 1 1 1 1 1 100 100 100 1 1 1 1 1 100 1 1 1 100 1 1 1 1 1 1 1 1 100 1 1 1 1 1 1 1 1 1 1 100 1 100 1 1 100 1 1 1 1 1 1 1 1 1 1 1 1 1 1 1 1 12 12 12 12 12 1 1 1 12 12 12 12 7 12 1 12 12 1 1 7 12 12 12 12 12 12 12 1 12 7 12 12 12 12 12 12 12 12 12 12 7 12 7 12 12 1 12 12 12 12 12 12 12 1 1 12 1 12 1 1 7 12 1 12 12 1 12 12 1 1 12 1 12 12 1 100 12 100 12 1 100 12 100 12 12 100 12 12 12 100 12 12 12 12 1 1 1 1 1 1 1 1 1 1 1 1 1 1 1 1 1 1 1 1 1 1 1 1 1 1 1 1 1 1 1 1 1 1 1 1 1 1 1 1 1 1 1 1 1 1 1 1 1 1 1 1 1 1 1 1 1 1 1 1 1 1 1
ciInstanceKlass java/util/Properties 1 1 273 10 10 9 10 100 10 10 10 10 9 10 100 3 100 8 10 7 10 10 100 10 10 10 10 10 8 10 10 10 10 10 100 100 10 10 100 8 10 10 100 10 10 100 10 10 10 10 11 11 10 10 8 10 10 100 10 10 8 10 100 10 10 10 7 10 10 10 10 8 10 8 10 10 9 7 100 1 1 1 1 1 1 5 0 1 1 1 1 1 1 1 1 1 1 1 1 1 1 1 1 1 1 100 100 100 1 1 1 1 100 1 1 100 100 1 1 100 1 1 1 1 1 100 1 1 100 100 100 1 100 1 1 1 1 1 1 1 1 1 1 1 1 1 1 100 1 1 1 1 1 1 1 1 1 1 1 1 12 12 12 12 1 12 12 12 12 12 12 1 1 1 12 1 12 12 1 12 12 12 12 12 1 12 12 12 12 12 1 1 12 12 1 1 12 12 1 12 1 12 100 12 12 12 12 1 12 100 12 1 12 12 1 12 1 12 12 1 12 12 12 1 100 12 1 100 12 1 1 1 1 1 1 1 1 1 1 1 1 1 1 1 1 1 1 1 1 1 1 1 1 1 1 1 1 1 1 1 1 1 1 1 1 1 1 1 1 1 1 1 1 1 1
staticfield java/util/Properties hexDigit [C 16
instanceKlass java/lang/reflect/Executable
instanceKlass java/lang/reflect/Field
ciInstanceKlass java/lang/reflect/AccessibleObject 1 1 147 10 9 10 10 7 10 7 100 8 10 9 10 100 8 10 11 10 10 10 9 10 10 100 10 10 7 8 10 7 10 10 7 9 7 7 100 1 1 1 1 1 1 1 1 1 1 1 1 1 100 1 1 1 1 1 1 1 1 1 1 1 1 1 1 1 1 1 1 1 1 1 1 1 1 1 100 100 100 1 1 1 1 1 1 1 7 12 12 100 12 12 1 12 1 1 1 12 12 12 1 1 12 12 12 12 12 12 100 12 12 1 12 100 12 1 1 1 1 1 7 12 1 12 1 1 1 1 1 1 1 1 1 1 1 1 1 1 1 1 1 1 1 1 1 1 1
staticfield java/lang/reflect/AccessibleObject ACCESS_PERMISSION Ljava/security/Permission; java/lang/reflect/ReflectPermission
staticfield java/lang/reflect/AccessibleObject reflectionFactory Lsun/reflect/ReflectionFactory; sun/reflect/ReflectionFactory
ciInstanceKlass java/lang/reflect/Field 1 1 367 9 10 10 10 9 10 10 10 10 9 9 9 9 9 9 9 100 8 10 7 10 9 9 10 100 10 10 10 10 10 10 10 100 10 8 10 10 8 10 10 8 10 11 9 10 10 10 10 11 11 11 11 11 11 11 11 11 11 11 11 11 11 11 11 11 11 10 10 9 10 10 10 10 11 10 100 10 10 9 10 11 10 10 9 10 7 100 1 1 1 1 1 1 1 1 1 1 1 1 1 1 1 1 1 1 1 1 1 1 1 1 1 1 1 1 1 1 1 1 1 1 1 1 1 1 1 1 1 1 1 1 1 1 1 1 1 1 1 100 1 1 100 100 1 100 1 1 1 100 1 1 1 1 1 1 1 1 1 1 1 1 1 1 1 1 1 1 1 1 1 1 1 1 1 1 1 1 1 1 1 1 1 1 1 1 1 100 1 1 1 1 1 1 1 1 1 1 1 1 1 1 1 1 1 1 1 1 12 12 100 12 100 12 12 12 12 100 12 12 12 12 12 12 12 12 12 1 1 12 1 12 12 12 12 1 12 12 12 12 12 100 100 12 1 1 12 12 1 12 12 1 100 12 100 12 12 12 12 100 12 12 12 12 12 12 12 12 12 12 12 12 12 12 12 12 12 12 12 12 12 100 12 12 100 12 12 100 12 1 100 12 100 12 12 100 12 100 12 12 12 100 12 100 12 1 1 1 1 1 1 1 1 1 1 1 1 1 1 1 1 1 1 1 1 1 1 1 1 1 1 1 1 1 1 1 1 1 1 1 1 1 1 1 1 1 1 1 1 1 1 1 1 1 1 1 1 100 1 1 1 1 1 1 1 1 1
ciInstanceKlass java/lang/reflect/Parameter 0 0 215 10 9 9 9 9 9 9 100 10 10 10 100 10 10 11 10 10 10 10 10 8 8 10 10 10 8 10 8 10 10 10 10 10 10 10 10 10 10 11 10 100 10 10 10 10 10 9 100 10 11 11 100 100 1 1 1 1 1 1 1 1 1 1 1 1 1 1 1 1 1 1 1 1 1 1 1 100 1 1 1 1 1 1 100 100 100 1 1 1 1 1 1 1 1 1 100 1 1 1 1 1 1 1 1 1 1 1 1 1 1 1 1 1 1 100 1 1 1 12 12 12 12 12 12 12 1 12 12 100 12 1 12 100 12 12 100 12 12 12 12 1 1 100 12 12 12 1 1 12 12 12 12 12 12 12 100 12 12 100 12 100 12 1 100 12 12 12 12 12 12 1 12 12 1 1 1 1 1 1 1 1 1 1 1 1 1 1 1 1 1 1 1 1 1 1 1 1 1 1 1 1 1 1 1 1 1 1 1 1 1 1 1 1 1
instanceKlass java/lang/reflect/Constructor
instanceKlass java/lang/reflect/Method
ciInstanceKlass java/lang/reflect/Executable 1 1 385 10 10 10 11 10 10 10 8 10 10 10 100 8 100 10 10 10 10 8 10 100 8 10 8 10 10 8 10 10 11 10 8 8 10 10 100 10 100 10 10 10 10 10 10 100 10 10 10 10 10 100 10 100 8 10 10 100 8 10 10 10 10 10 8 8 3 8 9 10 100 8 9 10 10 10 10 10 10 100 10 10 10 10 11 10 100 10 10 9 10 10 10 9 10 10 9 10 9 10 9 100 7 100 100 1 1 1 1 1 1 1 1 1 1 1 1 1 1 1 1 1 1 1 1 1 1 1 1 1 1 1 1 1 1 1 1 1 100 100 100 100 1 1 1 1 1 100 100 100 100 1 1 1 1 1 1 1 1 1 1 1 1 1 1 1 1 1 1 100 1 1 1 1 1 1 100 1 1 1 1 1 1 1 1 1 1 1 1 1 1 1 1 1 1 1 1 1 1 1 1 1 1 1 1 1 1 1 1 1 1 1 12 100 12 12 100 12 100 12 12 12 1 12 12 12 1 1 1 12 12 12 1 12 1 1 12 1 12 100 1 12 12 12 1 1 100 12 12 1 12 1 12 12 100 12 12 12 1 12 12 12 12 100 12 12 1 1 12 12 1 1 12 12 12 12 1 1 1 12 12 1 1 12 12 12 12 12 12 12 1 12 12 100 12 12 100 12 12 1 100 12 12 12 12 12 12 100 12 100 12 12 12 12 12 12 12 1 1 1 1 1 1 1 1 1 1 1 1 1 1 1 1 1 1 1 1 1 1 1 1 1 1 1 1 1 1 1 1 1 1 1 1 1 1 1 1 1 1 1 1 1 1 1 1 1 1 1 1 100 1 1 1 1 1 1 1 1 1 1 1 1 1 1 1
ciInstanceKlass java/lang/reflect/Method 1 1 353 9 10 10 9 10 10 10 10 9 9 9 9 9 9 9 9 9 9 9 100 8 10 7 10 9 10 10 100 100 10 10 10 7 10 10 10 10 10 10 10 10 10 10 10 10 10 10 10 10 10 11 9 10 10 10 10 11 10 100 10 10 10 10 9 10 10 10 10 10 11 10 100 100 100 10 8 10 10 10 10 10 10 10 8 7 1 1 1 1 1 1 1 1 1 1 1 1 1 1 1 1 1 1 1 1 1 1 1 1 1 1 1 1 1 1 1 1 1 1 1 1 1 1 1 1 1 1 1 1 1 1 1 1 1 1 1 1 1 1 1 1 1 1 1 1 1 1 1 1 1 1 1 100 1 1 1 1 1 1 1 1 100 1 100 100 1 1 1 1 1 1 1 1 1 1 1 1 1 100 100 1 1 1 1 1 1 1 1 1 1 1 1 1 1 12 100 12 100 12 12 12 12 100 12 12 12 12 12 12 12 12 12 12 12 12 12 1 1 12 1 12 12 12 12 1 1 12 12 7 12 12 100 12 12 12 100 12 12 100 100 12 12 12 12 12 12 12 12 12 100 12 100 12 12 12 12 100 12 12 1 12 12 12 12 12 100 12 12 100 12 100 12 100 12 100 12 100 12 1 1 1 1 12 12 12 12 12 12 1 1 1 1 1 1 1 1 1 1 1 1 1 1 1 1 1 1 1 1 1 1 1 1 1 1 1 1 1 1 1 1 1 1 1 1 1 1 1 1 1 1 1 1 1 1 1 1 1 1 1 1 1 1 1 1 1 1 1 1 1 1 1 1
ciInstanceKlass java/lang/reflect/Constructor 1 1 335 10 10 9 10 10 10 9 10 9 9 9 9 9 9 9 9 100 8 10 7 10 9 10 10 10 10 100 100 10 7 10 10 10 10 10 10 10 10 10 10 10 9 10 10 10 10 100 8 10 11 10 10 10 9 10 10 10 10 10 10 10 10 10 100 8 10 10 10 10 10 10 11 9 10 7 1 1 1 1 1 1 1 1 1 1 1 1 1 1 1 1 1 1 1 1 1 1 1 1 1 1 1 1 1 1 1 1 1 1 1 1 1 1 1 1 1 1 1 1 1 1 1 1 1 1 1 1 1 1 1 1 1 1 1 1 1 1 1 1 1 1 1 1 1 1 100 1 100 100 100 1 1 1 1 1 1 1 1 1 1 1 1 1 1 1 1 1 1 1 1 1 1 1 100 1 1 1 1 1 1 100 12 100 12 12 12 12 100 12 12 12 12 12 12 12 12 12 12 12 1 1 12 1 12 12 12 7 12 12 12 1 1 7 12 12 100 12 12 100 12 12 12 12 100 12 12 12 12 100 12 12 12 12 1 1 12 7 12 12 12 12 12 7 12 12 12 12 12 12 12 12 12 1 1 12 12 12 12 100 12 100 12 100 12 100 12 1 1 1 1 1 1 1 1 1 1 1 1 1 1 1 1 1 1 1 1 1 1 1 1 1 1 1 1 1 1 1 1 1 1 1 1 1 1 1 1 1 1 1 1 1 1 1 1 1 1 1 1 1 1 1 1 1 1 100 1 1 1 1 1 1 1 1 1
instanceKlass sun/reflect/FieldAccessorImpl
instanceKlass sun/reflect/ConstructorAccessorImpl
instanceKlass sun/reflect/MethodAccessorImpl
ciInstanceKlass sun/reflect/MagicAccessorImpl 1 1 13 10 100 7 1 1 1 1 1 1 12 1 1
ciInstanceKlass sun/reflect/MethodAccessorImpl 0 0 22 10 100 100 100 1 1 1 1 1 1 1 100 100 1 1 12 1 1 1 1 1
instanceKlass sun/reflect/DelegatingConstructorAccessorImpl
instanceKlass sun/reflect/NativeConstructorAccessorImpl
ciInstanceKlass sun/reflect/ConstructorAccessorImpl 1 1 24 10 100 7 100 1 1 1 1 1 1 1 100 100 100 1 1 12 1 1 1 1 1 1
ciInstanceKlass sun/reflect/DelegatingClassLoader 0 0 13 10 100 100 1 1 1 1 1 1 12 1 1
ciInstanceKlass sun/reflect/ConstantPool 0 0 106 10 9 10 10 10 10 10 10 10 10 10 10 10 10 10 10 100 100 8 10 100 1 1 1 1 1 1 1 1 1 1 1 1 1 1 1 1 1 1 1 1 1 1 1 1 1 1 1 1 1 1 1 1 1 1 1 1 1 1 1 1 1 1 1 1 1 1 1 1 1 1 1 1 1 1 1 1 1 1 1 1 12 12 12 12 12 12 12 12 12 12 12 12 12 12 12 12 1 1 100 12 1 1 1 1
instanceKlass sun/reflect/UnsafeFieldAccessorImpl
ciInstanceKlass sun/reflect/FieldAccessorImpl 0 0 56 10 100 100 100 1 1 1 1 1 1 1 100 1 1 1 1 1 1 1 1 1 1 1 1 1 1 1 1 1 1 100 1 1 1 1 1 1 1 1 1 1 1 1 1 1 1 1 1 1 12 1 1 1 1 1
instanceKlass sun/reflect/UnsafeStaticFieldAccessorImpl
ciInstanceKlass sun/reflect/UnsafeFieldAccessorImpl 0 0 233 10 9 10 10 9 10 9 10 10 9 10 10 10 10 100 10 10 10 8 10 10 100 8 10 8 10 8 10 100 10 10 8 10 8 10 8 10 8 10 8 10 8 10 8 10 8 10 8 10 10 8 8 8 8 8 8 10 8 8 8 10 10 100 100 1 1 1 1 1 1 1 1 1 1 1 1 1 100 100 1 1 1 1 1 1 1 1 1 100 100 1 1 1 1 1 1 1 1 1 1 1 1 1 1 1 1 1 1 1 1 1 1 1 1 12 12 100 12 100 12 12 100 12 12 12 12 12 12 100 12 100 12 12 1 12 12 1 12 1 1 12 1 12 1 12 1 12 1 12 1 100 12 1 100 12 1 100 12 1 100 12 1 100 12 1 100 12 1 100 12 1 100 12 12 1 1 1 1 1 1 100 12 1 1 1 12 12 1 1 1 1 1 1 1 1 1 1 1 1 1 1 1 1 1 1 1 1 1 1 1 1 1 1 1 1 1 1 1 1 1 1 1 1 1 1 1 1 1 1 1 1 1
ciInstanceKlass sun/reflect/UnsafeStaticFieldAccessorImpl 0 0 38 10 9 10 9 100 100 8 10 100 1 1 1 1 1 1 1 1 1 1 12 12 100 12 12 1 1 100 12 1 1 1 1 1 1 1 1 1
ciInstanceKlass sun/reflect/CallerSensitive 0 0 17 100 100 100 1 1 1 1 1 1 1 1 1 1 1 1 1
instanceKlass java/lang/invoke/DirectMethodHandle
ciInstanceKlass java/lang/invoke/MethodHandle 1 1 444 9 10 10 10 9 10 10 10 10 10 10 11 10 10 10 9 10 100 100 10 8 10 10 8 10 10 10 10 10 10 10 10 10 7 10 10 10 8 10 10 10 10 10 8 10 8 10 8 10 9 100 10 9 9 8 10 10 10 10 10 10 10 10 8 10 10 10 10 10 10 9 8 10 10 8 10 10 10 10 10 10 8 10 10 100 9 10 100 10 10 9 10 10 8 9 9 9 10 10 10 10 7 10 10 8 10 10 100 10 100 1 1 1 1 1 1 1 1 1 1 1 1 1 1 1 1 1 1 1 1 1 1 100 1 1 1 1 1 1 1 1 1 1 1 1 1 1 1 100 1 1 1 1 1 1 1 100 100 1 1 1 1 1 100 100 1 1 1 1 1 1 1 1 1 1 1 1 1 1 1 1 1 1 1 1 100 1 1 1 1 1 1 1 1 1 1 1 1 100 1 1 1 1 1 1 1 1 1 1 1 1 1 1 1 1 1 100 1 1 12 12 12 100 12 12 12 100 12 12 100 12 12 12 100 12 12 12 12 12 12 1 1 1 12 12 1 12 12 7 12 12 12 12 12 100 12 100 12 1 12 12 12 1 7 12 12 12 12 12 1 12 1 12 1 100 12 12 1 100 12 100 1 12 12 12 12 12 12 12 12 1 12 12 12 12 12 12 12 1 12 12 1 12 12 100 12 12 12 1 12 12 1 12 1 100 12 12 12 12 12 1 12 12 12 7 12 12 12 12 1 12 12 12 12 1 12 1 1 1 1 1 1 1 1 1 1 1 1 1 1 1 1 1 1 1 1 1 1 1 1 1 1 1 1 1 1 1 1 1 1 1 1 1 1 1 1 1 1 1 1 1 1 1 1 1 1 1 1 1 1 1 1 1 1 1 1 1 1 1 1 1 1 1 1 1 1 1 1 1 1 1 1 1 1 1 1 1 1 1 1 1 1 1 1 1 1 1 1 1 1 1 1 1 1 1 1 1 1 1 1 1 1 1
staticfield java/lang/invoke/MethodHandle FORM_OFFSET J 16
staticfield java/lang/invoke/MethodHandle $assertionsDisabled Z 1
ciInstanceKlass java/lang/invoke/DirectMethodHandle 0 0 705 100 100 100 10 10 10 100 10 10 10 10 10 100 100 10 10 10 10 10 10 10 9 100 10 9 10 10 10 10 10 10 100 10 10 10 10 100 10 100 10 10 10 100 10 10 100 10 10 10 10 10 10 10 10 8 10 10 10 10 10 9 100 10 10 10 100 10 8 10 10 10 10 10 10 10 10 8 10 10 10 10 10 10 10 10 10 10 10 8 8 8 8 8 8 8 8 8 8 8 10 10 100 9 100 10 100 10 10 10 10 100 9 10 9 9 9 10 100 10 10 10 8 10 10 10 10 9 9 10 10 100 100 100 9 10 10 10 10 9 10 100 10 100 10 10 9 9 10 9 10 10 10 10 10 9 10 10 10 10 9 9 10 10 9 9 9 9 10 9 9 10 10 9 10 9 10 10 100 10 10 10 10 10 8 8 8 9 10 100 10 10 9 9 9 9 9 9 8 8 8 8 10 10 9 9 100 1 100 1 1 1 1 1 100 1 1 1 1 100 1 1 1 1 1 1 1 1 1 1 1 1 1 1 1 1 1 1 1 1 1 1 1 1 100 100 100 100 1 1 1 1 1 1 1 1 1 1 100 1 1 1 1 1 1 1 1 1 1 1 1 1 1 100 100 100 1 1 1 1 1 1 1 1 1 1 1 1 100 100 1 1 1 1 100 1 1 1 1 1 1 1 1 1 1 1 1 1 1 1 1 1 1 100 100 1 1 1 1 1 100 1 1 1 1 12 12 12 1 12 12 12 12 12 1 1 12 12 12 12 12 12 12 12 1 12 12 12 12 12 12 12 1 100 12 12 12 12 1 12 1 12 12 12 1 12 12 1 12 12 12 12 100 12 100 12 12 12 12 12 12 100 12 1 12 100 12 12 1 1 12 12 12 12 12 12 12 1 12 12 12 12 12 100 12 12 12 12 12 1 1 1 1 1 1 1 1 1 1 1 12 12 1 12 1 12 1 100 12 12 12 12 1 12 12 12 12 12 12 1 12 100 12 12 1 12 12 12 12 12 12 100 12 12 1 1 1 12 12 12 12 12 12 12 1 12 1 12 12 12 12 12 12 12 12 12 12 12 12 12 100 12 12 100 12 12 12 12 12 12 12 12 12 12 12 12 12 12 12 12 12 12 12 1 12 12 100 12 12 12 1 1 1 100 12 1 12 12 12 12 12 12 12 12 1 1 1 1 12 12 12 12 1 1 1 1 1 1 1 1 1 1 1 1 1 1 1 1 1 1 1 1 1 1 1 1 1 1 1 1 1 1 1 1 1 1 1 1 1 1 1 1 1 1 1 1 1 1 1 1 1 1 1 1 1 1 1 1 1 1 1 1 1 1 1 1 1 1 1 1 1 1 1 1 1 1 1 1 1 1 1 1 1 1 1 1 1 1 1 1 1 1 1 1 1 1 1 1 1 100 1 1 1 1 1 1 1 1 1 1 1 1 1 1 1 1 1 1 1 1 1 1 1 1 1 1 1 1 1 1 1 1 1 1 1 1 1 1 1 1 1 1 1 1 1 1 1 1 1 1 1 1 1 1 1 1 1 1 1 1 1 1 1 1 1 1 1 1 1 1 1 1 1 1 1
ciInstanceKlass java/lang/invoke/MemberName 1 1 656 100 7 100 10 10 10 9 9 10 9 10 10 10 10 10 10 10 9 10 100 100 10 8 10 10 10 10 9 8 10 100 100 10 10 100 100 7 10 9 100 8 10 10 10 10 10 10 10 10 10 8 8 8 10 10 9 3 10 10 10 10 10 10 10 10 10 100 8 10 10 8 9 8 9 10 8 10 10 10 10 10 100 10 10 8 10 10 8 10 10 100 10 10 8 8 8 10 10 10 10 10 10 10 10 10 3 10 3 10 3 3 3 3 3 3 10 100 10 3 10 3 10 10 10 10 10 10 10 10 10 10 10 10 100 10 10 10 100 10 10 10 10 100 10 10 8 10 10 10 10 10 10 10 10 10 10 10 100 10 100 8 10 10 10 10 10 10 10 8 8 8 8 10 10 10 8 8 10 8 10 10 10 8 8 10 10 8 8 100 10 8 8 8 8 10 100 100 100 10 100 10 100 10 9 10 100 100 100 1 1 1 1 1 1 1 1 1 1 1 1 1 1 1 3 1 3 1 3 1 3 1 3 1 3 1 1 1 1 1 1 1 1 3 1 1 1 1 3 1 1 1 1 1 1 1 1 1 1 1 1 1 1 1 100 100 1 100 1 1 1 1 1 1 1 1 1 1 1 1 1 1 1 1 1 1 1 1 1 1 1 1 1 1 1 1 100 1 1 1 1 1 1 1 1 1 1 1 1 1 1 1 1 1 1 1 1 1 1 1 1 1 1 1 1 1 1 1 1 1 100 100 1 1 1 1 1 100 1 1 1 100 1 1 1 1 1 1 1 1 1 100 1 1 1 1 1 1 1 1 100 1 1 1 1 1 1 1 1 1 100 1 1 1 1 1 100 1 1 1 1 1 1 1 1 1 1 1 1 1 1 100 1 1 12 12 12 12 12 12 12 12 12 12 12 12 12 12 100 12 12 1 1 12 1 12 12 12 12 12 1 100 12 1 1 12 1 1 1 12 12 1 1 12 12 12 12 12 12 12 12 12 1 1 1 100 12 12 12 12 12 12 12 12 12 12 12 1 12 12 100 100 12 1 12 12 12 12 12 1 12 12 1 12 12 1 12 12 1 12 12 1 1 1 12 12 12 12 12 12 12 12 12 12 12 100 1 1 100 12 12 12 12 12 100 12 12 12 12 12 12 1 12 1 12 12 1 12 100 12 100 12 12 12 12 12 12 12 1 12 1 1 100 12 12 100 12 12 12 1 1 1 1 12 12 12 1 1 12 1 12 12 1 1 12 1 1 1 1 1 1 1 12 1 1 1 1 1 100 12 12 12 1 1 1 1 1 1 1 1 1 1 1 1 1 1 1 1 1 1 1 1 1 1 1 1 1 1 1 1 1 1 1 1 1 1 1 1 1 1 1 1 1 1 1 1 1 1 1 1 1 1 1 1 1 1 1 1 1 1 1 1 1 1 1 1 1 1 1 1 1 1 1 1 1 1 1 1 1 1 1 1 1 1 1 1
staticfield java/lang/invoke/MemberName $assertionsDisabled Z 1
ciInstanceKlass java/lang/invoke/MethodHandleNatives 1 1 442 100 10 9 10 100 10 10 10 10 8 8 8 8 8 8 8 8 8 8 100 10 100 10 10 100 10 10 8 10 8 10 8 10 9 8 10 100 10 100 100 8 100 7 10 10 100 9 10 10 10 100 10 10 10 10 100 10 9 8 10 8 10 8 8 8 100 8 10 10 10 10 10 100 10 10 8 8 10 10 10 8 10 8 8 9 10 10 10 100 100 10 10 10 100 100 10 10 100 10 10 100 100 10 10 10 10 100 10 10 10 10 10 10 10 8 8 100 10 100 10 10 10 10 7 10 10 10 9 10 10 10 1 1 1 1 1 1 1 1 1 1 1 1 1 1 1 1 100 1 1 1 1 1 1 1 1 1 1 1 1 1 1 1 1 1 1 1 1 1 1 1 1 1 1 1 1 1 1 1 1 1 1 1 100 100 100 1 1 100 100 100 100 1 1 100 1 1 100 1 1 1 1 1 1 1 1 1 1 1 1 1 100 100 100 100 1 1 1 100 100 1 1 1 1 1 1 1 1 1 12 12 12 1 12 12 12 1 1 1 1 1 1 1 1 1 1 1 12 1 12 100 12 1 12 1 12 1 12 1 12 100 12 1 100 12 1 12 1 1 1 1 1 12 1 100 12 12 12 100 12 1 12 100 12 12 12 1 100 12 12 1 12 1 12 1 1 1 1 1 12 12 12 12 12 1 12 12 1 1 12 12 1 100 12 1 1 100 12 12 12 12 1 1 12 1 1 1 1 1 100 12 12 1 12 100 12 12 12 12 12 1 1 1 12 1 12 12 12 12 1 12 12 12 12 7 12 12 12 1 1 1 1 1 1 1 1 1 1 1 1 1 1 1 1 1 1 1 1 1 1 1 1 1 1 1 1 1 1 1 1 1 1 1 1 1 1 1 1 1 1 1 1 1 1 1 1 1 1 1 1 1 1 1 100 1 1 1 1 1 1 1 1 1 1 1 1 1 1 1 1 1 1 1 1 1 1 1 1 1 1 1
staticfield java/lang/invoke/MethodHandleNatives COUNT_GWT Z 1
staticfield java/lang/invoke/MethodHandleNatives $assertionsDisabled Z 1
ciInstanceKlass java/lang/invoke/LambdaForm 0 0 986 100 100 9 10 10 9 9 10 100 10 9 10 9 10 100 9 10 9 9 9 10 100 10 10 10 10 10 10 10 9 10 8 10 10 10 10 100 10 10 8 10 10 10 100 8 10 10 10 10 10 100 10 100 10 10 9 9 10 10 100 10 10 10 10 10 10 10 10 10 10 8 10 10 8 8 9 9 9 10 10 10 9 10 10 10 10 10 10 10 10 8 8 8 8 8 8 8 8 10 9 10 10 10 10 10 10 10 100 10 10 9 10 10 10 10 10 10 8 10 100 100 10 10 10 10 11 11 11 100 10 10 10 10 100 10 8 10 10 8 10 10 10 100 10 8 10 9 10 10 8 8 10 10 8 8 8 10 10 9 10 8 8 9 10 10 8 8 8 100 8 100 8 100 8 10 8 10 9 10 10 9 10 10 10 10 10 10 10 10 10 10 8 100 10 10 9 10 8 8 100 8 8 9 8 8 8 10 8 8 8 10 10 8 8 8 10 8 10 8 8 8 8 8 10 10 10 10 10 10 10 10 10 10 10 10 10 10 10 10 10 10 10 9 8 10 11 11 9 9 9 9 9 10 10 8 10 8 9 100 10 100 10 100 10 9 10 10 10 10 9 10 10 9 10 9 10 9 100 9 9 10 100 10 10 10 10 9 100 1 100 1 100 1 1 1 100 1 1 1 1 1 1 1 1 1 1 1 1 1 1 1 1 1 1 1 1 1 3 1 3 1 3 1 1 1 3 1 1 1 100 1 1 1 1 1 1 1 1 1 1 1 1 1 1 1 1 1 1 1 1 100 100 100 1 1 1 1 1 1 100 1 1 1 1 1 1 1 100 100 100 100 1 1 1 1 1 1 1 1 1 1 1 1 1 1 1 1 1 1 1 1 1 1 1 1 1 1 1 1 1 1 1 100 1 1 1 1 100 1 100 100 1 1 1 1 1 1 1 1 1 100 1 1 1 1 1 1 1 100 1 1 1 1 1 1 1 1 1 1 1 1 100 1 1 1 1 1 1 1 1 1 1 1 1 1 1 1 1 1 100 1 1 1 1 100 1 1 1 100 1 1 1 1 1 1 1 1 1 1 1 1 1 1 1 1 1 1 1 1 1 1 1 100 100 100 1 1 1 1 1 1 1 1 1 1 1 1 1 1 1 1 1 1 1 1 1 1 1 1 1 1 100 1 1 12 12 12 12 12 12 1 12 12 12 100 12 12 12 12 12 12 12 1 12 12 100 12 100 12 12 12 12 12 12 1 12 12 12 100 12 1 12 1 12 12 12 1 1 12 12 12 12 12 1 12 1 12 12 12 12 12 12 1 12 12 12 12 12 12 100 12 12 1 12 12 1 1 12 12 12 12 100 12 12 12 100 12 12 12 12 12 12 12 1 1 1 1 1 1 1 1 12 12 12 12 12 12 12 12 12 1 12 12 12 12 12 12 12 100 12 12 1 1 100 12 12 12 100 12 100 12 12 1 12 12 12 12 1 12 1 12 12 1 12 12 1 12 1 12 12 12 12 1 1 12 12 1 1 1 12 12 100 12 12 1 1 12 12 12 1 1 1 1 1 1 1 1 1 12 1 12 100 12 12 12 12 12 12 12 12 12 12 12 12 1 1 12 12 12 12 1 1 1 1 1 12 1 1 1 100 12 1 1 1 12 12 1 1 1 12 1 12 1 1 1 1 1 12 12 12 100 12 12 12 12 12 12 12 12 12 12 12 12 12 12 12 12 1 12 12 12 12 12 12 12 12 12 12 1 12 1 12 1 12 1 12 1 12 12 12 12 12 12 12 100 12 12 12 12 12 12 12 12 1 12 12 12 1 1 1 1 1 1 1 1 1 1 1 1 1 1 1 1 1 1 1 1 1 1 1 1 1 1 1 1 1 1 1 1 1 1 1 1 1 1 1 1 1 1 1 1 1 1 1 1 1 1 1 1 1 1 1 1 1 1 1 1 1 1 1 1 1 1 1 1 1 1 1 1 1 1 1 1 1 1 1 1 1 1 1 1 1 1 1 1 1 1 1 1 1 1 1 1 1 1 1 1 1 1 1 1 1 1 1 1 1 1 1 1 1 1 1 1 1 1 1 1 1 1 1 1 1 1 1 1 1 1 1 1 1 1 1 1 1 1 1 1 1 1 1 1 1 1 1 1 1 1 1 1 1 1 1 1 1 1 1 1 1 1 1 1 1 1 1 1 1 1 1 1 1 1 1 1 1 1
ciInstanceKlass java/lang/invoke/MethodType 0 0 608 100 10 10 10 9 10 100 9 9 10 9 8 10 10 9 9 10 100 10 8 10 10 10 100 8 10 100 10 10 10 10 11 9 11 100 10 9 10 10 10 10 10 9 100 10 100 10 10 10 10 10 10 10 10 10 10 8 8 10 9 100 10 10 10 10 10 10 10 10 10 8 10 10 10 10 10 11 10 10 10 10 10 100 10 10 10 10 9 100 10 10 10 10 10 10 10 10 8 8 10 8 10 10 9 10 10 10 10 10 10 10 10 10 10 10 10 9 100 10 10 10 10 10 8 10 11 9 10 10 10 10 10 10 10 10 10 9 9 10 9 10 100 10 100 9 8 10 10 8 100 100 10 100 1 1 1 1 1 5 0 1 1 1 1 1 1 1 1 1 1 1 1 1 1 1 1 1 1 1 3 1 3 1 3 1 1 1 1 1 1 1 1 1 1 1 1 1 1 1 1 1 100 100 1 1 1 1 1 1 1 1 1 1 1 1 1 1 1 1 1 1 1 1 1 1 1 1 1 1 1 1 1 1 1 1 1 1 1 1 1 1 1 1 1 1 1 1 1 1 1 1 1 1 1 1 1 1 1 1 1 1 1 1 1 1 1 1 1 1 1 1 1 1 1 1 1 1 1 1 1 1 1 1 1 1 1 1 1 1 1 1 1 1 1 1 1 1 1 1 1 1 100 1 1 1 1 100 1 1 1 1 1 1 1 100 1 1 100 1 1 1 1 1 1 100 100 1 100 1 1 1 1 1 100 1 1 100 1 1 1 1 1 1 1 100 1 1 1 12 12 12 12 100 12 12 12 100 12 100 12 1 100 12 12 100 100 12 1 1 12 12 12 1 1 12 1 12 12 12 100 12 12 12 1 100 12 12 12 12 12 12 12 12 1 12 1 12 12 100 12 12 12 12 12 12 12 12 1 1 12 12 1 12 12 12 12 100 12 12 12 1 12 12 100 12 12 12 12 12 12 12 12 12 1 12 12 12 12 1 12 100 12 12 100 12 12 12 1 1 12 1 100 12 12 12 12 12 12 12 12 12 100 12 12 12 12 12 12 1 12 12 12 100 12 12 1 100 12 12 12 12 12 100 12 12 12 100 12 12 100 12 12 12 100 12 12 12 1 1 12 12 12 1 1 12 1 1 1 1 1 1 1 1 1 1 1 1 1 1 1 1 1 1 1 1 1 1 1 1 1 1 1 1 1 1 1 1 1 1 1 1 1 1 1 1 1 1 1 1 1 1 1 1 1 1 1 1 1 1 1 1 1 1 1 1 1 1 1 1 1 1 1 1 1 1 1 1 1 1 1 1 1 1 1 1 1 1 1 1 1 1 1 1 1 1 1 1 1 1 1 1 1 1 1 1 1 1
ciInstanceKlass java/lang/BootstrapMethodError 0 0 39 10 10 10 10 10 100 100 1 1 1 5 0 1 1 1 1 1 1 1 1 100 100 1 1 12 12 12 100 12 12 1 1 1 1 1 1 1 1
instanceKlass java/lang/invoke/VolatileCallSite
instanceKlass java/lang/invoke/MutableCallSite
instanceKlass java/lang/invoke/ConstantCallSite
ciInstanceKlass java/lang/invoke/CallSite 0 0 322 10 10 9 10 10 100 100 10 100 10 10 10 100 100 10 10 10 8 10 10 10 9 10 10 10 10 100 8 10 10 10 100 10 9 10 10 10 10 9 9 10 10 9 10 10 10 10 10 10 100 10 10 10 10 10 10 100 100 8 10 10 10 10 10 100 100 8 10 10 100 8 10 100 10 10 10 8 10 10 8 10 10 100 10 8 10 10 100 100 10 1 1 1 1 1 1 1 1 1 1 1 1 1 1 1 1 1 1 1 1 1 100 1 1 1 1 1 1 1 1 100 1 1 1 1 1 100 100 100 100 100 100 100 1 1 1 1 1 1 1 1 100 100 1 1 12 12 12 12 12 1 1 12 1 12 12 12 1 1 100 12 12 1 12 12 12 12 12 100 12 12 1 1 12 12 1 12 12 12 12 12 100 12 100 12 12 100 12 12 100 12 12 12 12 12 100 12 12 1 12 12 12 12 12 12 1 1 1 12 12 100 12 12 1 1 1 12 1 1 12 1 12 12 100 12 12 12 12 12 1 12 12 12 1 1 12 1 1 1 1 1 1 1 1 1 1 1 1 1 1 1 1 1 1 1 1 1 1 1 1 1 1 1 1 1 1 1 1 1 1 1 1 1 1 1 1 1 1 1 1 1 1 1 1 1 1 1 1 1 1 1 1 1 1 1 1 1 1 1 1 1 1 1 1 1 1 1 1 1 1 1 1 1 1 1 1 1 1 1 1 1
ciInstanceKlass java/lang/invoke/ConstantCallSite 0 0 42 10 9 10 100 10 9 100 10 10 100 100 1 1 1 1 1 1 1 1 100 1 1 1 1 1 1 1 12 12 12 1 12 12 1 12 1 1 1 1 1 1
ciInstanceKlass java/lang/invoke/MutableCallSite 0 0 57 10 10 9 10 10 10 9 10 10 100 10 100 100 1 1 1 1 1 1 1 1 1 1 1 1 1 1 1 1 1 1 12 12 12 12 12 12 12 12 100 12 1 12 1 1 1 1 1 1 1 1 1 1 1 1 1
ciInstanceKlass java/lang/invoke/VolatileCallSite 0 0 33 10 10 10 10 10 10 100 100 1 1 1 1 1 1 1 1 1 1 1 12 12 12 12 12 12 1 1 1 1 1 1 1
ciMethod java/lang/AbstractStringBuilder <init> (I)V 1401 1 32202 0 -1
ciMethod java/lang/AbstractStringBuilder append (Ljava/lang/String;)Ljava/lang/AbstractStringBuilder; 2049 1 5907 0 -1
instanceKlass java/lang/StringBuilder
instanceKlass java/lang/StringBuffer
ciInstanceKlass java/lang/AbstractStringBuilder 1 1 312 10 9 9 10 10 100 10 100 3 10 100 10 10 10 10 100 10 10 10 8 10 10 10 10 10 10 10 10 10 10 10 7 7 10 11 10 8 100 10 8 10 10 8 8 10 10 11 3 8 10 10 7 5 0 8 10 10 10 10 10 10 10 10 100 10 8 8 10 10 10 8 8 8 10 10 8 10 10 10 10 10 10 10 10 10 10 10 10 10 10 10 7 100 100 1 1 1 1 1 1 1 1 1 1 1 1 1 1 1 1 1 1 1 1 1 1 1 1 1 1 1 1 1 1 1 1 1 1 1 1 1 1 1 1 1 1 1 1 1 1 1 1 1 1 1 1 1 1 1 1 1 1 1 1 1 1 1 1 1 1 1 1 1 1 1 1 1 1 1 1 1 1 1 1 1 1 100 1 1 1 1 12 12 12 12 12 1 1 7 12 1 12 12 100 12 12 1 12 12 1 12 100 12 12 12 12 12 12 100 1 1 12 12 1 1 1 12 12 1 1 12 12 1 12 12 1 1 12 12 100 12 12 12 12 12 1 1 1 12 12 12 1 1 1 12 12 1 12 12 12 12 12 12 12 12 12 12 12 12 12 12 12 1 1 1 1 1 1 1 1 1 1 1 1 1 1 1 1 1 1 1 1 1 1 1 1 1 1 1 1 1 1 1 1 1 1 1 1 1 1 1 1 1 1 1 1 1 1 1 1 1
ciInstanceKlass java/lang/StringBuffer 1 1 372 10 10 10 11 10 10 9 9 10 10 9 10 100 10 10 10 10 10 10 10 10 10 10 10 10 10 10 10 10 10 10 10 10 10 10 10 10 10 10 10 10 10 10 10 10 10 10 10 10 10 10 10 10 10 10 10 7 10 10 8 10 8 10 8 10 10 10 10 7 10 10 10 10 10 10 10 10 10 10 10 10 10 10 10 10 10 10 10 10 10 10 10 10 10 10 10 10 10 10 7 10 9 9 9 7 7 100 100 1 1 1 1 1 5 0 1 1 1 1 1 1 1 1 1 1 1 1 1 1 1 1 1 1 1 1 1 1 1 1 1 1 1 1 1 1 1 1 1 1 1 1 1 1 1 1 1 1 1 1 1 1 1 1 1 1 1 1 1 1 1 1 1 1 1 1 1 1 1 1 1 1 1 1 1 1 1 1 1 1 1 1 1 100 1 1 100 1 1 1 1 1 1 1 1 1 1 1 1 1 1 1 1 1 1 1 1 1 1 1 1 1 1 1 1 1 1 1 1 1 1 12 12 12 12 12 12 12 12 12 12 1 12 12 12 12 12 12 12 12 12 12 12 12 12 12 12 12 12 12 12 12 12 12 12 12 12 12 12 12 12 12 12 12 12 12 12 12 12 12 12 7 12 1 12 100 12 1 100 12 1 12 1 12 12 100 12 100 12 12 12 12 12 12 12 12 12 12 12 12 12 12 12 12 12 12 12 12 12 12 12 12 12 12 12 12 12 12 12 1 12 7 12 7 12 1 1 1 1 1 1 1 1 1 1 1 1 1 1 1 1 1 1 1 1 1 1 1 1 1 1 1 1 1 1 1 1 1 1 1 1 1
staticfield java/lang/StringBuffer serialPersistentFields [Ljava/io/ObjectStreamField; 3 [Ljava/io/ObjectStreamField;
ciMethod java/lang/StringBuilder <init> ()V 1241 1 31894 0 180
ciMethod java/lang/StringBuilder append (Ljava/lang/String;)Ljava/lang/StringBuilder; 2049 1 79792 0 948
ciMethod java/lang/StringBuilder toString ()Ljava/lang/String; 1233 1 32347 0 0
ciInstanceKlass java/lang/StringBuilder 1 1 326 10 10 10 11 10 10 10 10 10 10 10 10 10 10 10 10 10 10 10 10 10 10 10 10 10 10 10 10 10 10 10 10 10 10 10 10 10 10 10 10 7 9 9 10 10 10 10 10 10 10 100 10 10 10 10 10 10 10 10 10 10 10 10 10 10 10 10 10 10 10 10 10 10 10 10 10 10 10 10 10 10 10 10 10 10 10 10 10 10 10 10 10 10 10 7 7 100 100 1 1 1 5 0 1 1 1 1 1 1 1 1 1 1 1 1 1 1 1 1 1 1 1 1 1 1 1 1 1 1 1 1 1 1 1 1 1 1 1 1 1 1 1 1 1 1 1 1 1 1 1 1 1 1 100 1 1 100 1 1 1 1 1 1 1 1 1 1 1 1 1 1 1 1 1 1 1 1 1 1 1 1 1 1 1 1 1 1 1 1 1 1 1 1 1 1 1 1 1 1 1 1 1 1 1 1 1 1 1 1 1 1 1 12 12 12 12 12 12 12 12 12 12 12 12 12 12 12 12 12 12 12 12 12 12 12 12 12 12 12 12 12 12 12 12 12 12 12 12 12 12 1 12 12 12 100 12 12 12 100 12 12 12 1 12 12 12 12 12 12 12 12 12 12 12 12 12 12 12 12 12 12 12 12 12 12 12 12 12 12 12 12 12 12 12 12 12 12 12 12 12 12 12 12 12 12 1 1 1 1 1 1 1 1 1 1 1 1 1 1 1 1 1 1 1 1
ciInstanceKlass sun/misc/Unsafe 1 1 390 10 10 10 10 100 8 10 9 10 10 10 10 10 10 10 10 10 10 10 10 10 10 10 10 10 10 10 10 10 10 10 10 10 10 10 10 10 10 10 10 100 10 10 7 7 8 10 10 7 10 9 7 9 7 9 7 9 7 9 7 9 7 9 7 9 7 9 10 9 9 9 9 9 9 9 9 9 10 9 7 1 1 1 1 1 3 1 1 1 1 1 1 1 1 1 1 1 1 1 1 1 1 1 1 1 1 1 1 1 1 1 1 1 100 1 1 1 1 1 1 1 1 1 1 1 1 1 1 1 1 1 1 1 1 1 1 1 1 1 1 1 1 1 1 1 1 1 1 1 1 1 1 1 1 1 1 1 1 1 1 1 1 1 1 1 1 1 1 1 1 1 1 1 1 1 1 1 1 1 1 1 1 1 1 1 1 1 1 1 1 1 1 1 1 1 1 1 1 1 1 1 1 1 100 1 1 1 1 1 1 1 1 1 1 1 1 1 1 1 1 1 1 1 1 1 1 1 1 1 1 1 100 1 1 1 1 1 1 1 1 1 1 1 1 1 1 1 1 1 1 1 1 1 1 1 1 1 1 1 1 1 1 1 1 1 1 1 1 1 1 1 1 1 1 1 1 1 1 1 1 1 1 1 1 1 1 12 7 12 7 12 7 12 1 1 12 12 12 12 12 12 12 12 12 12 12 12 12 12 12 12 12 12 12 12 12 12 100 12 100 12 12 12 12 12 12 12 12 12 12 12 1 12 1 1 12 1 12 12 1 12 1 12 1 12 1 12 1 12 1 12 1 12 1 12 12 12 12 12 12 12 12 12 12 12 12 12 1 1 1 1 1 1 1 1 1 1 1 1 1 1 1 1 1 1 1 1 1 1
staticfield sun/misc/Unsafe theUnsafe Lsun/misc/Unsafe; sun/misc/Unsafe
staticfield sun/misc/Unsafe ARRAY_BOOLEAN_BASE_OFFSET I 12
staticfield sun/misc/Unsafe ARRAY_BYTE_BASE_OFFSET I 12
staticfield sun/misc/Unsafe ARRAY_SHORT_BASE_OFFSET I 12
staticfield sun/misc/Unsafe ARRAY_CHAR_BASE_OFFSET I 12
staticfield sun/misc/Unsafe ARRAY_INT_BASE_OFFSET I 12
staticfield sun/misc/Unsafe ARRAY_LONG_BASE_OFFSET I 16
staticfield sun/misc/Unsafe ARRAY_FLOAT_BASE_OFFSET I 12
staticfield sun/misc/Unsafe ARRAY_DOUBLE_BASE_OFFSET I 16
staticfield sun/misc/Unsafe ARRAY_OBJECT_BASE_OFFSET I 12
staticfield sun/misc/Unsafe ARRAY_BOOLEAN_INDEX_SCALE I 1
staticfield sun/misc/Unsafe ARRAY_BYTE_INDEX_SCALE I 1
staticfield sun/misc/Unsafe ARRAY_SHORT_INDEX_SCALE I 2
staticfield sun/misc/Unsafe ARRAY_CHAR_INDEX_SCALE I 2
staticfield sun/misc/Unsafe ARRAY_INT_INDEX_SCALE I 4
staticfield sun/misc/Unsafe ARRAY_LONG_INDEX_SCALE I 8
staticfield sun/misc/Unsafe ARRAY_FLOAT_INDEX_SCALE I 4
staticfield sun/misc/Unsafe ARRAY_DOUBLE_INDEX_SCALE I 8
staticfield sun/misc/Unsafe ARRAY_OBJECT_INDEX_SCALE I 4
staticfield sun/misc/Unsafe ADDRESS_SIZE I 4
ciMethod java/io/InputStream <init> ()V 4097 1 15197 0 0
ciMethod java/io/InputStream read ([B)I 0 0 1 0 -1
ciMethod java/io/InputStream close ()V 0 0 1 0 -1
instanceKlass com/android/dx/util/ByteArray$MyInputStream
instanceKlass java/util/zip/ZipFile$ZipFileInputStream
instanceKlass java/io/FilterInputStream
instanceKlass java/io/FileInputStream
instanceKlass java/io/ByteArrayInputStream
ciInstanceKlass java/io/InputStream 1 1 63 10 10 100 10 100 10 10 100 100 5 0 10 8 10 7 100 1 1 1 3 1 1 1 1 1 1 1 1 1 1 100 1 1 100 100 1 1 1 1 1 1 1 1 1 12 12 1 1 12 1 1 100 12 1 12 1 1 1 1 1 1 1
ciInstanceKlass java/io/ByteArrayInputStream 1 1 62 10 9 9 9 9 10 100 10 100 10 10 7 7 1 1 1 1 1 1 1 1 1 1 1 1 1 1 1 1 1 1 1 1 1 1 1 1 1 100 1 1 12 12 12 12 12 100 12 1 1 7 12 1 1 1 1 1 1 1 1 1
ciInstanceKlass java/io/File 1 1 593 9 9 10 9 9 9 10 9 100 10 8 10 9 10 100 10 10 10 10 10 100 8 10 10 8 10 8 10 8 10 8 10 8 10 8 10 8 10 9 10 10 10 10 10 10 7 10 10 10 10 10 100 8 10 10 10 8 10 7 10 10 10 10 100 10 100 10 10 10 10 10 8 100 10 100 100 10 10 10 7 10 10 10 10 10 10 10 10 10 10 10 100 10 11 11 11 7 11 100 10 10 10 10 100 11 10 10 10 10 10 10 10 8 10 10 10 10 10 10 10 10 100 8 10 10 10 8 8 10 10 100 8 10 10 10 10 10 10 10 10 8 10 10 9 9 10 9 10 9 10 10 10 10 10 10 9 10 9 9 10 10 10 8 100 7 100 100 100 1 1 7 1 1 1 1 1 1 1 1 1 1 1 1 1 1 1 1 1 1 1 1 1 5 0 1 1 1 1 1 1 1 1 1 100 100 1 1 1 1 1 100 1 1 1 1 100 1 1 1 1 1 1 1 1 1 1 1 1 1 1 1 1 1 1 1 1 1 100 1 100 1 1 1 1 1 1 1 1 1 1 1 1 1 1 1 100 1 1 1 100 100 1 100 1 1 100 1 1 1 1 1 1 1 1 1 1 1 1 1 1 1 1 1 100 1 1 1 1 1 1 1 1 1 1 1 100 100 1 1 100 100 100 1 1 100 1 1 1 1 12 12 12 12 12 12 12 12 1 1 12 12 12 1 12 12 12 12 1 1 12 12 1 12 1 12 1 12 1 12 1 12 1 12 1 12 12 12 12 12 12 12 12 1 12 12 12 12 12 1 1 12 12 1 12 1 12 12 12 1 1 12 12 12 12 1 1 12 1 1 12 7 12 100 12 1 12 12 12 12 12 12 12 12 100 12 12 12 1 100 12 100 12 12 1 12 1 12 1 100 12 12 12 12 12 12 12 12 1 12 12 12 12 12 12 12 12 1 1 12 12 1 1 12 12 1 1 12 12 12 12 100 12 12 100 12 100 12 12 12 12 7 12 12 12 12 100 12 100 12 7 12 7 12 12 12 12 12 12 12 12 12 12 1 1 1 1 1 1 1 1 1 1 1 1 1 1 1 1 1 1 1 1 1 1 1 1 1 1 1 1 1 1 1 1 1 1 1 1 1 1 1 1 1 1 1 1 1 1 1 1 1 1 1 1 1 1 1 1 1 1 1 1 1 1 1 1 1 1 1 1 1 1 1 1 1 1 1 1 1 1 1 1 1 1 1 1 1 1 1 1 1 1 1 1 1 1 1 1 1 1 1 1 1 1 1 1 1 1 1 1 1 1 1 1 1 1 1 1 1 1 1 1
staticfield java/io/File fs Ljava/io/FileSystem; java/io/UnixFileSystem
staticfield java/io/File separatorChar C 47
staticfield java/io/File separator Ljava/lang/String; "/"
staticfield java/io/File pathSeparatorChar C 58
staticfield java/io/File pathSeparator Ljava/lang/String; ":"
staticfield java/io/File PATH_OFFSET J 12
staticfield java/io/File PREFIX_LENGTH_OFFSET J 8
staticfield java/io/File UNSAFE Lsun/misc/Unsafe; sun/misc/Unsafe
staticfield java/io/File $assertionsDisabled Z 1
instanceKlass sun/misc/Launcher$ExtClassLoader
instanceKlass sun/misc/Launcher$AppClassLoader
ciInstanceKlass java/net/URLClassLoader 1 1 545 9 10 9 10 7 10 9 10 10 7 10 10 10 10 10 10 10 100 10 10 10 100 100 100 8 10 10 10 10 11 11 11 100 11 11 10 11 11 11 10 10 10 7 10 10 7 100 10 7 10 10 10 10 100 100 10 8 10 8 10 10 10 8 8 10 10 10 100 100 8 10 10 10 10 10 10 10 10 10 7 10 10 10 10 10 10 10 8 10 10 9 10 9 9 9 9 9 9 10 8 10 100 10 10 7 10 10 100 10 10 10 10 7 10 9 10 8 100 8 10 10 8 10 10 9 10 10 10 10 100 8 10 100 10 10 100 10 10 7 100 10 7 10 10 10 7 1 1 1 1 1 1 1 1 1 1 1 1 1 1 100 100 100 100 1 100 1 1 1 100 1 1 100 100 100 100 100 100 100 100 100 1 1 100 100 100 100 1 1 1 1 1 1 1 100 100 1 1 1 100 1 1 100 1 1 100 1 1 100 100 1 1 1 1 1 1 1 1 1 100 100 100 1 1 1 1 1 1 1 1 1 1 1 1 12 12 12 12 1 12 12 7 12 100 12 1 12 7 12 12 12 12 7 12 1 12 12 12 1 1 1 1 12 12 12 12 100 12 100 12 12 1 12 100 12 12 12 12 12 12 12 1 12 12 1 1 12 1 12 7 12 12 1 1 1 12 1 12 12 1 1 12 12 12 1 1 1 12 12 7 12 7 12 12 12 12 12 12 1 12 7 12 12 12 12 12 12 1 12 7 12 7 12 7 12 12 12 12 12 12 12 12 1 12 1 12 1 12 12 1 12 12 12 12 1 7 12 7 12 12 1 1 1 12 12 1 12 12 12 100 12 12 12 12 1 1 1 12 7 12 1 12 12 1 1 12 1 7 12 7 12 1 1 1 1 1 1 1 1 1 1 1 1 1 1 1 1 1 1 1 1 1 1 1 1 1 1 1 1 1 1 1 1 1 1 1 1 1 1 1 1 1 1 1 1 1 1 1 1 1 1 1 1 1 1 1 1 1 1 1 1 1 1 1 1 1 1 1 1 1 1 1 1 1 1 1 1 1 1 1 1 1 1 1 1 1 1 1 1 1 1 1 1 1 1 1 1 1 1 1 1 1 1 1 1 1 1 1 1 1 1 1 1 1 1 1 1 1 1 1 1 1 1 1 1 1 1 1 1 1 1 1 1 1 1 1 1 1 1 1 1 1 1 1 1 1 1 1 1 1 1 1 1 1
ciInstanceKlass java/net/URL 1 1 566 10 10 10 9 9 10 10 10 9 10 8 10 7 10 10 8 10 9 100 8 10 10 8 9 7 10 10 9 10 9 8 9 10 9 10 8 9 10 10 10 10 8 10 10 10 10 8 9 8 10 10 100 10 10 10 10 9 10 9 10 10 10 7 10 10 10 10 10 100 10 10 10 100 8 10 9 10 10 9 10 100 10 10 10 10 10 10 10 10 10 10 10 9 9 100 8 10 10 9 10 10 7 11 7 8 8 10 10 7 8 8 7 10 10 10 10 8 8 10 100 10 10 10 10 10 10 8 10 100 10 8 8 10 8 8 8 8 100 10 9 10 10 10 10 10 10 10 10 10 10 10 10 10 10 10 100 8 10 10 10 7 10 7 7 10 9 9 100 1 1 1 1 1 5 0 1 1 1 1 1 1 1 1 1 1 1 1 1 1 1 1 1 1 1 1 1 1 1 1 1 1 1 1 1 1 1 1 1 1 1 1 100 100 100 100 1 1 1 100 100 1 1 1 1 1 1 100 100 1 1 1 1 1 1 1 1 1 1 1 1 1 1 1 1 1 1 1 1 1 100 1 1 1 100 100 100 1 1 1 1 1 1 1 100 1 1 100 100 100 1 1 1 1 100 100 1 100 1 1 1 1 1 1 1 1 1 1 1 1 12 12 12 12 12 7 12 12 12 12 12 1 12 1 12 1 12 12 1 1 12 12 1 12 1 12 12 12 12 1 12 12 12 12 1 12 12 12 12 12 1 12 12 12 12 1 12 1 12 12 1 12 12 100 12 12 100 12 100 12 12 12 12 12 1 12 12 12 12 12 1 12 1 1 100 12 100 12 12 100 12 12 1 12 12 12 12 12 100 12 12 12 100 12 12 12 12 12 1 1 12 12 12 12 1 100 12 1 1 1 12 7 12 1 1 1 1 12 12 12 1 1 7 12 1 100 12 12 12 12 100 12 100 12 100 12 1 12 1 12 12 12 12 12 12 12 12 12 12 12 12 12 12 1 1 12 1 1 1 12 7 12 12 1 1 1 1 1 1 1 1 1 1 1 1 1 1 1 1 1 1 1 1 1 1 1 1 1 1 1 1 1 1 1 1 1 1 1 1 1 1 1 1 1 1 1 1 1 1 1 1 1 1 1 1 1 1 1 1 1 1 1 1 1 1 1 1 1 1 1 1 1 1 1 1 1 1 1 1 1 1 1 1 1 1 1 1 1 1 1 1 1 1 1 1 1 1 1 1 1 1 1 1 1 1 1 1 1 1 1 1 1 1 1 1 1
staticfield java/net/URL serialPersistentFields [Ljava/io/ObjectStreamField; 7 [Ljava/io/ObjectStreamField;
ciInstanceKlass java/util/jar/Manifest 1 1 239 10 7 10 9 7 10 9 10 10 10 10 11 11 10 11 100 10 10 11 11 11 11 100 100 8 10 11 100 8 10 10 10 8 10 10 10 11 10 10 10 8 10 7 10 10 10 100 8 10 10 8 10 10 10 10 10 11 10 10 10 100 7 10 11 10 11 10 7 100 1 1 1 1 1 1 1 1 1 1 1 1 1 1 1 1 1 1 1 1 1 1 1 1 1 1 100 100 100 100 100 1 1 1 100 100 100 100 100 1 1 100 1 1 1 1 1 1 1 1 1 1 12 1 12 1 12 12 12 12 12 7 12 12 1 12 12 12 100 12 100 12 12 1 1 1 1 12 12 1 1 12 12 12 1 12 12 12 12 12 12 12 1 12 1 12 12 12 1 1 12 1 12 100 12 12 12 12 12 12 100 12 12 1 1 12 12 12 1 1 1 1 1 1 1 1 1 1 1 1 1 1 1 1 1 1 1 1 1 1 1 1 1 1 1 1 1 1 1 1 1 1 1 1 1 1 1 1 1 1 1 1 1 1 1 1 1 1 1
ciInstanceKlass sun/misc/Launcher 1 1 228 9 10 10 9 9 10 10 100 100 8 10 10 9 8 10 10 8 10 8 10 8 100 10 10 10 100 100 100 100 10 100 10 8 10 10 10 9 7 10 9 10 7 10 10 8 10 10 10 10 10 100 10 7 10 7 10 8 7 100 1 1 100 1 7 1 7 1 1 1 1 1 1 1 1 1 1 1 1 1 1 1 1 1 1 100 100 100 100 100 100 100 100 100 1 1 1 1 1 1 100 1 1 100 1 1 100 1 1 1 1 1 1 1 1 1 12 12 12 12 12 12 12 1 1 1 12 12 12 1 7 12 12 1 7 12 1 7 12 1 1 100 12 100 12 1 1 1 1 12 1 1 12 12 12 12 1 12 12 12 1 12 1 12 12 12 12 7 12 1 12 1 12 1 1 1 1 1 1 1 1 1 1 1 1 1 1 1 1 1 1 1 1 1 1 1 1 1 1 1 1 1 1 1 1 1 1 1 1 1 1 1 1 1 1 1 1 1 1 1 1 1 1 1 1 1 1 1
ciInstanceKlass sun/misc/Launcher$AppClassLoader 1 1 203 8 10 100 10 7 10 10 7 10 10 10 11 9 10 10 10 10 10 10 10 10 100 10 10 10 7 8 10 10 9 10 100 10 10 10 10 100 10 100 100 10 100 10 10 100 10 7 10 10 7 7 1 1 1 1 1 1 1 1 1 1 1 100 100 1 100 1 1 1 1 100 1 1 1 1 1 1 1 1 100 1 1 1 1 1 7 12 1 12 1 12 7 12 1 12 12 7 12 7 12 12 7 12 7 12 12 12 100 12 12 12 12 1 12 12 12 1 1 7 12 12 100 12 1 12 12 12 1 12 1 1 12 1 12 12 1 12 1 7 12 12 1 1 1 1 1 1 1 1 1 1 1 1 1 1 1 1 1 1 1 1 1 1 1 1 1 1 1 1 1 1 1 1 1 1 1 1 1 1 1 1 1 1 1 1 1 1 1 1 1 1 1 1 1 1 1 1 1 1 1 1 1
staticfield sun/misc/Launcher$AppClassLoader $assertionsDisabled Z 1
ciInstanceKlass sun/misc/Launcher$ExtClassLoader 1 1 214 10 7 10 10 7 100 10 100 10 10 10 10 10 11 10 8 10 7 9 10 10 7 10 10 7 10 10 8 10 10 10 10 10 7 10 10 10 10 10 10 8 10 10 10 100 10 100 100 10 100 10 10 100 10 10 7 1 1 1 1 1 1 1 100 100 1 1 1 1 1 1 1 100 100 1 1 100 100 1 1 100 100 1 1 1 1 1 1 12 1 12 7 12 7 1 1 12 1 12 12 12 12 7 12 7 12 7 12 1 7 12 1 12 12 12 1 12 12 1 12 12 1 7 12 12 12 12 12 1 12 12 12 12 12 1 100 12 12 12 1 1 1 12 1 12 12 1 12 7 12 1 1 1 1 1 1 1 1 1 1 1 1 1 1 1 1 1 1 1 1 1 1 1 1 1 1 1 1 1 1 1 1 1 1 1 1 1 1 1 1 1 1 1 1 1 1 1 1 1 1 1 1 1 1 1 1 1 1 1 1 1 1 1
ciInstanceKlass java/security/CodeSource 1 1 350 10 9 9 9 9 10 100 10 100 10 7 10 10 10 100 10 10 10 10 10 100 10 10 10 10 10 10 10 10 10 10 10 10 10 8 10 10 10 10 8 10 10 100 10 10 8 10 10 10 8 8 9 100 8 10 10 8 10 8 8 8 10 10 10 10 10 10 100 100 10 10 10 10 10 100 10 10 10 10 100 10 100 100 8 8 10 10 100 8 10 100 10 10 10 10 10 10 8 11 100 10 10 100 10 11 11 11 7 100 1 1 1 5 0 1 1 1 1 1 1 1 1 1 1 1 1 1 1 1 100 100 1 1 1 1 1 1 1 1 1 100 1 1 1 1 1 1 1 100 1 1 100 1 1 100 100 100 1 1 1 100 100 100 100 100 100 100 100 1 1 100 1 1 12 12 12 12 12 100 12 100 7 12 1 12 12 100 1 12 100 12 12 12 1 12 100 100 12 100 12 12 100 12 12 12 12 1 12 12 12 12 1 12 1 12 1 12 12 12 1 1 12 1 1 12 12 1 12 1 1 1 100 12 12 12 12 12 12 1 1 12 12 12 100 12 12 1 12 12 12 12 1 12 1 1 1 1 12 1 1 12 1 12 12 12 12 100 1 100 12 1 12 12 1 12 12 1 1 1 1 1 1 1 1 1 1 1 1 1 1 1 1 1 1 1 1 1 1 1 1 1 1 1 1 1 1 1 1 1 1 1 1 1 1 1 1 1 1 1 1 1 1 1 1 1 1 1 1 1 1 1 1 1 1 1 1 1 1 1 1 1 1 1 1 1 1 1 1 1
ciInstanceKlass java/lang/StackTraceElement 0 0 101 10 8 10 100 9 8 9 9 9 100 10 10 10 8 10 8 8 8 10 8 10 8 100 10 10 10 10 100 100 1 1 1 1 1 1 1 1 1 5 0 1 1 1 1 1 1 1 1 1 1 1 1 1 1 100 100 100 1 1 1 1 1 12 1 100 12 1 12 1 12 12 12 1 12 12 1 12 1 1 1 12 1 12 1 1 12 12 12 12 1 1 1 1 1 1 1 1 1 1 1
ciMethod java/nio/Buffer position ()I 201 1 25 0 -1
instanceKlass java/nio/LongBuffer
instanceKlass java/nio/CharBuffer
instanceKlass java/nio/ByteBuffer
ciInstanceKlass java/nio/Buffer 1 1 106 100 10 9 9 100 100 10 8 10 10 10 10 9 10 10 8 8 8 9 10 100 10 100 10 100 10 100 10 7 7 1 1 1 3 1 1 1 1 1 1 1 1 1 1 1 100 1 1 1 1 1 1 1 1 1 1 1 1 1 1 1 1 1 1 1 1 1 1 1 1 1 1 1 1 1 1 12 12 12 1 1 1 12 12 12 12 12 12 12 1 1 1 12 1 1 1 1 1 1 1 1 1 1 1 1
ciInstanceKlass java/lang/Boolean 1 1 112 10 9 10 10 8 10 9 9 8 10 7 10 10 100 100 10 10 8 10 9 7 100 100 1 1 1 1 1 1 1 1 1 1 1 1 5 0 1 1 1 1 1 1 1 1 1 1 1 1 100 1 1 1 100 1 1 1 1 1 1 1 100 1 1 1 1 1 1 1 1 1 1 1 1 1 1 12 12 12 12 1 7 12 12 12 1 12 1 12 7 12 1 1 12 12 1 7 12 12 1 1 1 1 1 1 1 1 1 1 1 1
staticfield java/lang/Boolean TRUE Ljava/lang/Boolean; java/lang/Boolean
staticfield java/lang/Boolean FALSE Ljava/lang/Boolean; java/lang/Boolean
staticfield java/lang/Boolean TYPE Ljava/lang/Class; java/lang/Class
ciMethod java/lang/Character isSurrogate (C)Z 57 1 7 0 -1
ciInstanceKlass java/lang/Character 1 1 463 7 100 10 9 9 10 10 10 10 10 3 3 3 3 3 10 10 3 11 11 10 10 100 10 10 3 10 10 10 100 10 10 10 10 10 10 10 10 10 10 10 10 10 10 10 10 10 10 10 10 10 10 10 10 10 10 10 10 10 10 10 10 10 10 10 10 10 10 10 10 5 0 10 10 10 10 10 10 10 10 10 10 9 100 10 10 10 3 10 10 100 10 10 10 10 8 10 9 10 10 10 10 8 10 9 100 100 100 100 1 1 100 1 100 1 100 1 1 1 1 3 1 3 1 1 3 1 3 1 1 1 1 1 1 1 3 1 1 3 1 3 1 3 1 3 1 3 1 3 1 3 1 3 1 3 1 3 1 3 1 3 1 3 1 3 1 3 1 3 1 3 1 3 1 3 1 3 1 3 1 3 1 3 1 3 1 3 1 3 1 3 1 3 1 1 1 1 1 1 1 1 1 1 1 1 1 1 1 1 1 1 1 3 1 1 1 3 1 1 3 1 1 1 1 1 3 1 1 1 5 0 1 1 1 1 1 1 1 1 1 1 1 1 1 1 1 1 1 1 1 1 1 1 1 1 1 1 1 1 1 1 1 1 1 1 1 1 1 1 1 1 1 1 1 1 1 1 1 1 1 1 1 1 1 1 1 1 1 1 1 1 1 1 1 1 1 1 1 1 1 1 1 1 1 1 1 1 1 1 1 1 1 1 1 1 1 1 1 1 1 1 1 1 1 1 1 1 1 1 1 1 1 1 100 100 1 1 1 1 1 1 1 1 12 12 12 12 12 12 100 12 12 12 12 100 12 12 12 12 1 12 12 12 12 1 12 12 12 12 12 12 7 12 12 12 12 12 12 12 12 12 12 12 12 12 12 12 12 12 12 12 12 12 12 12 12 12 12 12 12 12 12 1 12 12 100 12 12 1 12 12 12 1 100 12 100 12 12 12 7 12 1 12 12 1 1 1 1 1 1 1 1 1 1 1 1 1 1 1 1 1 1 1 1 1 1 1 1 1 1 1 1 1 1 1 1 1 1 1 1 1 1
staticfield java/lang/Character TYPE Ljava/lang/Class; java/lang/Class
staticfield java/lang/Character $assertionsDisabled Z 1
instanceKlass java/util/concurrent/atomic/AtomicLong
instanceKlass java/util/concurrent/atomic/AtomicInteger
instanceKlass java/lang/Long
instanceKlass java/lang/Integer
instanceKlass java/lang/Short
instanceKlass java/lang/Byte
instanceKlass java/lang/Double
instanceKlass java/lang/Float
ciInstanceKlass java/lang/Number 1 1 34 10 10 100 7 100 1 1 1 5 0 1 1 1 1 1 1 1 1 1 1 1 1 1 1 1 1 1 1 12 12 1 1 1
ciInstanceKlass java/lang/Float 1 1 175 7 100 10 10 100 4 100 10 10 8 8 10 10 10 10 4 4 4 10 9 10 10 10 10 10 10 3 3 3 10 10 10 10 8 10 9 100 100 1 1 1 1 1 4 1 1 1 4 1 1 3 1 3 1 3 1 3 1 1 1 1 1 1 1 5 0 1 1 1 1 1 1 1 1 1 100 1 1 1 1 1 1 1 1 1 1 1 1 1 1 1 1 1 1 1 1 1 1 1 1 1 1 1 1 1 1 1 1 1 1 1 1 1 1 1 1 1 1 1 1 1 1 1 1 1 100 12 100 12 1 1 12 100 12 1 1 100 12 12 12 12 12 12 12 12 12 12 12 12 12 12 12 1 7 12 12 1 1 1 1 1 1 1 1 1 1 1 1 1 1 1 1 1 1
staticfield java/lang/Float TYPE Ljava/lang/Class; java/lang/Class
ciInstanceKlass java/lang/Double 1 1 229 7 100 10 10 10 100 10 10 6 0 8 10 8 10 8 100 6 0 10 5 0 5 0 8 8 10 10 8 10 8 8 8 10 10 10 10 10 10 10 10 6 0 6 0 6 0 10 9 10 10 10 10 5 0 5 0 10 10 10 10 8 10 9 100 100 1 1 1 1 1 6 0 1 1 1 6 0 1 1 3 1 3 1 3 1 3 1 1 1 1 1 1 1 5 0 1 1 1 1 1 1 100 100 1 1 1 100 1 1 1 1 1 1 1 1 1 1 1 1 1 1 1 1 1 1 1 1 1 1 1 1 1 1 1 1 1 1 1 1 1 1 1 1 1 1 1 1 1 1 1 1 1 1 1 1 1 100 12 12 12 1 12 100 12 1 12 1 12 1 1 12 1 1 100 12 100 12 1 12 1 1 1 12 12 12 12 12 12 12 12 12 12 12 12 12 12 12 12 12 1 7 12 12 1 1 1 1 1 1 1 1 1 1 1 1 1 1 1 1 1 1 1 1 1 1 1 1 1
staticfield java/lang/Double TYPE Ljava/lang/Class; java/lang/Class
ciInstanceKlass java/lang/Byte 1 1 153 7 10 9 10 100 100 10 8 10 8 10 10 10 10 10 10 10 10 8 8 10 9 10 10 10 10 5 0 10 8 10 9 100 100 100 1 1 1 1 1 3 1 3 1 1 1 1 1 1 1 3 1 3 1 1 5 0 1 1 1 1 1 1 1 1 1 1 1 1 1 1 1 1 1 1 1 1 1 1 1 1 1 1 1 1 1 1 1 1 1 1 1 1 1 1 1 1 1 1 1 1 1 1 1 1 100 12 12 12 1 1 12 1 12 1 12 12 12 12 12 12 12 12 1 1 12 12 12 12 12 12 1 7 12 12 1 1 1 1 1 1 1 1 1 1 1 1 1 1 1 1 1
staticfield java/lang/Byte TYPE Ljava/lang/Class; java/lang/Class
ciInstanceKlass java/lang/Short 1 1 161 7 100 10 10 100 100 10 8 10 8 10 10 10 10 10 10 9 10 10 10 8 8 10 9 10 10 10 10 3 3 5 0 10 8 10 9 100 100 100 1 1 1 1 1 3 1 3 1 1 1 1 1 1 1 3 1 3 1 1 5 0 1 1 1 1 1 1 1 1 1 1 1 1 1 1 1 1 1 1 1 1 1 1 1 1 1 1 1 1 1 1 1 1 1 1 1 1 1 1 1 1 1 1 1 1 1 1 1 1 1 1 1 100 12 12 1 1 12 1 12 1 12 12 12 12 12 12 12 12 12 12 1 1 12 12 12 12 12 12 1 7 12 12 1 1 1 1 1 1 1 1 1 1 1 1 1 1 1 1 1
staticfield java/lang/Short TYPE Ljava/lang/Class; java/lang/Class
ciInstanceKlass java/lang/Integer 1 1 314 7 100 100 10 9 100 10 10 10 10 10 10 10 10 3 8 10 10 10 3 9 9 3 9 100 8 10 100 10 8 10 10 8 10 8 10 3 10 10 10 10 8 100 10 10 5 0 8 10 10 7 9 9 10 10 9 10 10 10 10 100 100 10 8 8 10 8 8 8 8 8 8 10 10 10 5 0 3 3 3 3 3 10 10 8 10 9 3 3 3 3 3 3 7 100 1 1 1 1 1 1 1 1 1 1 1 1 1 1 1 1 1 1 3 1 3 1 1 5 0 1 1 1 1 1 100 1 1 1 1 1 1 1 1 1 1 1 1 1 1 100 1 1 1 1 1 1 1 1 1 1 1 1 1 1 1 1 1 1 1 1 1 1 1 1 1 1 1 100 1 100 100 1 1 1 1 1 1 1 1 1 1 1 1 1 1 1 1 1 1 1 1 1 1 1 1 1 1 1 1 1 1 1 1 12 12 1 12 12 100 12 12 12 100 12 12 12 1 12 12 12 12 12 12 1 1 12 1 12 1 12 12 1 12 1 12 12 12 12 12 1 1 12 12 1 12 12 1 12 12 12 12 12 12 12 7 12 1 1 12 1 1 12 1 1 1 1 1 1 12 12 12 12 12 1 7 12 12 1 1 1 1 1 1 1 1 1 1 1 1 1 1 1 1 1 1 1 1 1 1 1 1 1 1 1 1 1 1 1 1 1 1 1
staticfield java/lang/Integer TYPE Ljava/lang/Class; java/lang/Class
staticfield java/lang/Integer digits [C 36
staticfield java/lang/Integer DigitTens [C 100
staticfield java/lang/Integer DigitOnes [C 100
staticfield java/lang/Integer sizeTable [I 10
ciInstanceKlass java/lang/Long 1 1 361 7 100 100 10 9 7 10 10 10 10 10 5 0 5 0 100 10 10 10 10 10 10 10 10 10 10 10 10 10 10 10 5 0 8 10 10 10 7 5 0 5 0 9 9 3 3 100 8 10 8 10 8 8 10 5 0 10 10 10 10 8 100 10 10 8 10 8 10 10 5 0 5 0 9 10 8 8 10 8 8 8 8 8 8 10 10 10 10 9 10 10 10 100 100 10 10 10 10 10 5 0 5 0 5 0 5 0 5 0 10 10 10 8 10 9 100 100 100 1 1 1 1 1 1 5 0 1 1 1 1 1 1 1 3 1 3 1 5 0 1 1 1 1 1 100 1 1 1 1 1 1 1 1 1 1 1 1 1 1 1 1 100 1 1 1 1 1 1 1 1 100 100 1 1 1 1 1 1 1 1 1 1 1 1 1 1 1 1 1 1 1 1 1 1 100 1 1 1 1 1 1 1 1 1 1 1 1 1 1 1 1 1 1 1 1 1 1 1 1 1 1 1 1 1 1 1 1 12 12 1 12 12 12 12 12 1 12 12 12 12 12 12 100 12 12 12 12 12 12 7 12 12 12 1 12 12 12 1 12 12 1 1 12 1 12 1 1 12 12 12 12 12 1 1 12 12 1 12 1 12 12 12 12 1 1 12 1 1 1 1 1 1 12 12 12 12 12 12 100 12 1 1 12 12 12 12 12 12 12 1 7 12 12 1 1 1 1 1 1 1 1 1 1 1 1 1 1 1 1 1 1 1 1 1 1 1 1 1 1 1 1 1 1 1 1 1 1 1 1 1 1 1 1 1 1 1 1 1 1 1
staticfield java/lang/Long TYPE Ljava/lang/Class; java/lang/Class
ciMethod java/lang/NullPointerException <init> (Ljava/lang/String;)V 0 0 1 0 -1
ciInstanceKlass java/lang/NullPointerException 1 1 21 10 10 100 100 1 1 1 5 0 1 1 1 1 1 1 1 12 12 1 1
ciInstanceKlass java/lang/ArithmeticException 1 1 21 10 10 100 100 1 1 1 5 0 1 1 1 1 1 1 1 12 12 1 1
ciMethod java/util/List iterator ()Ljava/util/Iterator; 0 0 1 0 -1
ciInstanceKlass java/util/List 1 1 116 10 11 11 11 11 11 11 10 100 10 100 100 100 1 1 1 1 1 1 1 1 1 1 1 1 1 1 1 1 1 1 1 1 1 1 1 1 1 1 1 1 1 1 1 100 1 1 1 100 100 100 1 1 1 1 1 1 1 1 1 1 1 1 1 1 1 1 1 1 1 1 1 1 1 1 1 1 1 1 1 1 100 12 12 100 12 12 100 12 12 12 100 12 1 100 12 1 1 1 1 1 1 1 1 1 1 1 1 1 1 1 1 1 1 1
instanceKlass java/util/ArrayDeque
instanceKlass java/util/AbstractSet
instanceKlass java/util/AbstractList
ciInstanceKlass java/util/AbstractCollection 1 1 149 100 10 10 10 11 11 10 7 10 10 10 10 10 100 10 100 3 10 100 8 10 3 100 10 11 11 10 10 10 11 8 100 10 10 8 10 10 100 1 1 1 1 1 1 1 1 1 1 1 1 1 1 1 1 1 1 100 1 1 1 1 1 1 1 1 1 1 1 1 1 1 1 1 1 1 1 1 1 1 100 100 100 1 1 1 1 12 12 12 100 12 12 12 1 100 12 12 12 100 12 100 12 1 100 12 1 12 1 1 12 1 12 12 12 100 12 1 1 12 1 12 12 1 1 1 1 1 1 1 1 1 1 1 1 1 1 1 1 1 1 1 1 1 1 1 1 1 1
instanceKlass java/util/Collections$EmptyList
instanceKlass java/util/ArrayList
instanceKlass java/util/Vector
ciInstanceKlass java/util/AbstractList 1 1 172 10 9 10 10 100 10 10 11 11 11 10 10 11 11 11 10 10 11 11 11 100 10 100 10 100 100 10 100 10 100 11 10 10 11 100 10 10 100 10 8 10 10 8 10 7 7 100 1 1 1 1 1 1 1 1 1 1 1 1 1 1 1 1 1 1 1 1 1 1 1 1 1 100 1 1 1 1 100 1 1 1 1 1 1 1 1 1 1 1 100 1 1 100 1 1 100 1 1 1 1 1 1 1 1 1 12 12 12 12 1 12 100 12 12 12 100 12 12 12 12 12 12 12 100 12 100 1 12 1 12 1 1 12 1 1 12 12 1 12 12 1 1 12 12 1 12 1 1 1 1 1 1 1 1 1 1 1 1 1 1 1 1 1 1 1 1 1 1 1 1 1
ciMethod java/util/ArrayList iterator ()Ljava/util/Iterator; 4097 1 8107 0 0
ciMethod java/util/ArrayList access$100 (Ljava/util/ArrayList;)I 2409 1 301 0 0
ciInstanceKlass java/util/ArrayList 1 1 351 100 9 10 7 9 9 100 100 10 8 10 10 10 10 9 11 10 7 10 9 10 7 10 10 10 3 10 100 10 3 10 10 10 100 100 10 10 10 10 10 10 10 100 10 10 8 8 10 10 11 10 10 10 100 10 10 10 10 100 10 7 10 10 100 10 8 8 8 8 8 11 100 10 100 10 11 10 10 11 10 7 100 100 100 100 100 1 1 1 1 1 1 1 1 5 0 1 1 3 1 1 1 1 1 1 1 1 1 1 1 100 1 1 100 1 1 1 1 1 1 1 1 1 1 1 1 1 1 1 1 1 1 1 100 1 1 1 1 1 1 1 1 1 1 1 1 1 1 1 100 1 1 1 1 1 1 1 1 1 1 1 1 1 1 1 1 1 1 100 1 1 1 1 100 1 1 100 1 1 1 1 1 1 1 1 1 1 1 1 1 1 1 100 1 1 1 1 1 1 100 100 1 1 1 1 1 1 1 1 1 1 1 1 1 1 12 12 1 12 12 1 1 1 12 12 12 12 12 100 12 12 7 12 12 12 1 12 7 12 12 12 1 12 12 12 1 1 12 100 12 12 12 12 12 12 1 12 1 1 100 12 12 12 100 12 12 12 1 100 12 12 12 1 12 1 12 12 1 12 1 1 1 1 1 100 12 1 12 1 12 100 12 12 12 100 12 12 1 1 1 1 1 1 1 1 1 1 1 1 1 1 1 1 1 1 1 1 1 1 1 1 1 1 1 1 1 1 1 1 1 1 1 1 1 1 1 1 1 1 1 1 1 1 1 1 1 1 1 1 1
staticfield java/util/ArrayList EMPTY_ELEMENTDATA [Ljava/lang/Object; 0 [Ljava/lang/Object;
staticfield java/util/ArrayList DEFAULTCAPACITY_EMPTY_ELEMENTDATA [Ljava/lang/Object; 0 [Ljava/lang/Object;
ciMethod java/util/Set contains (Ljava/lang/Object;)Z 0 0 1 0 -1
ciMethod java/util/Set add (Ljava/lang/Object;)Z 0 0 1 0 -1
ciInstanceKlass java/util/Set 1 1 50 100 10 100 100 100 1 1 1 1 1 1 1 1 1 1 1 1 1 1 1 1 1 1 1 1 1 1 1 1 1 1 1 1 1 1 1 1 1 1 1 1 1 100 12 1 1 1 1 1
instanceKlass java/util/HashMap$KeySet
instanceKlass java/util/HashSet
instanceKlass java/util/WeakHashMap$KeySet
instanceKlass java/util/Collections$SetFromMap
instanceKlass java/util/Hashtable$EntrySet
instanceKlass java/util/Collections$EmptySet
ciInstanceKlass java/util/AbstractSet 1 1 75 10 100 100 11 10 10 100 100 10 11 11 10 10 11 10 11 11 100 7 1 1 1 1 1 1 1 100 100 100 1 1 100 1 1 1 1 1 1 1 12 1 1 12 12 1 1 12 100 12 12 100 12 100 12 12 12 12 1 1 1 1 1 1 1 1 1 1 1 1 1 1 1 1 1
instanceKlass java/util/TreeMap
instanceKlass java/util/concurrent/ConcurrentHashMap
instanceKlass java/util/WeakHashMap
instanceKlass sun/util/PreHashedMap
instanceKlass java/util/HashMap
instanceKlass java/util/Collections$EmptyMap
ciInstanceKlass java/util/AbstractMap 1 1 158 10 10 10 11 10 11 11 11 100 11 10 11 100 10 11 11 10 11 9 100 10 9 100 10 100 11 11 11 100 100 11 8 100 10 10 8 10 10 10 100 7 100 1 1 100 1 1 1 1 1 1 1 1 1 1 1 1 1 1 1 1 1 1 1 100 1 1 1 1 1 1 1 1 100 100 1 1 1 1 1 1 1 1 1 1 1 1 100 100 100 1 1 1 100 100 1 1 1 100 1 1 1 1 1 1 12 12 12 100 12 12 100 12 12 1 12 12 12 1 12 12 12 12 1 12 12 1 1 12 12 1 1 12 1 1 12 1 12 12 12 1 1 1 1 1 1 1 1 1 1 1 1 1 1 1 1 1
ciMethod java/lang/ref/ReferenceQueue reallyPoll ()Ljava/lang/ref/Reference; 9 1 1201 0 -1
ciMethod java/lang/ref/ReferenceQueue poll ()Ljava/lang/ref/Reference; 2129 1 3044 0 0
instanceKlass java/lang/ref/ReferenceQueue$Null
ciInstanceKlass java/lang/ref/ReferenceQueue 1 1 124 10 7 10 9 9 9 9 9 9 9 100 10 9 7 10 10 10 100 8 10 10 10 5 0 10 7 10 7 10 7 100 1 1 1 1 1 1 1 1 1 1 1 1 1 1 1 1 1 1 1 1 1 1 1 1 100 100 100 100 1 1 1 1 1 1 1 1 100 1 1 1 1 1 12 1 12 12 12 12 7 12 12 12 12 1 12 1 7 12 12 12 1 1 12 100 12 12 12 1 7 12 1 1 1 1 1 1 1 1 1 1 1 1 1 1 1 1 1 1 1 1 1 1
staticfield java/lang/ref/ReferenceQueue $assertionsDisabled Z 1
ciInstanceKlass java/lang/ref/ReferenceQueue$Lock 1 1 21 10 10 7 7 1 1 1 1 100 1 1 1 1 12 100 1 1 1 1 1
ciMethod java/util/HashMap hash (Ljava/lang/Object;)I 4097 1 64663 0 0
ciMethod java/util/HashMap getNode (ILjava/lang/Object;)Ljava/util/HashMap$Node; 2129 41 6978 0 1044
ciMethod java/util/HashMap containsKey (Ljava/lang/Object;)Z 89 1 10188 0 0
ciMethod java/util/HashMap put (Ljava/lang/Object;Ljava/lang/Object;)Ljava/lang/Object; 3449 1 10349 0 0
ciMethod java/util/HashMap putVal (ILjava/lang/Object;Ljava/lang/Object;ZZ)Ljava/lang/Object; 3449 369 10354 0 0
ciMethod java/util/HashMap resize ()[Ljava/util/HashMap$Node; 185 4977 34 0 0
ciMethod java/util/HashMap treeifyBin ([Ljava/util/HashMap$Node;I)V 0 0 1 0 -1
ciMethod java/util/HashMap newNode (ILjava/lang/Object;Ljava/lang/Object;Ljava/util/HashMap$Node;)Ljava/util/HashMap$Node; 4097 1 10320 0 0
ciMethod java/util/HashMap afterNodeAccess (Ljava/util/HashMap$Node;)V 857 1 40 0 0
ciMethod java/util/HashMap afterNodeInsertion (Z)V 4097 1 1625 0 0
instanceKlass java/util/LinkedHashMap
ciInstanceKlass java/util/HashMap 1 1 481 10 100 10 100 10 100 11 11 11 7 3 10 100 100 10 8 10 10 10 10 10 8 10 9 10 9 4 10 10 11 9 4 10 11 11 11 11 100 11 11 10 10 9 10 9 9 9 10 9 7 10 10 10 10 10 9 10 100 3 7 7 10 10 9 9 10 10 10 10 9 7 10 9 100 10 9 100 10 100 10 11 11 11 100 10 10 100 100 10 10 10 10 10 10 10 100 10 10 8 4 10 4 10 4 10 10 10 10 7 7 100 100 1 1 100 1 100 1 100 1 100 1 100 1 100 1 100 1 100 1 1 1 1 1 1 1 1 5 0 1 1 3 1 1 1 1 3 1 3 1 3 1 1 1 1 1 1 1 1 1 1 1 1 1 1 1 1 1 1 1 100 100 100 100 1 1 1 1 1 1 1 1 100 1 1 1 1 1 1 100 1 1 1 1 1 1 100 1 1 1 1 1 1 1 1 1 1 1 1 1 1 1 1 1 100 1 1 1 1 1 1 1 1 1 1 100 1 1 1 100 1 1 1 1 1 1 1 1 1 1 1 100 1 1 1 100 1 1 1 1 1 1 1 1 1 1 1 1 1 100 1 1 1 1 1 100 1 1 100 100 1 1 1 1 1 1 1 1 1 1 1 1 1 1 1 1 1 1 1 1 1 1 1 7 12 1 12 1 100 12 1 12 12 12 1 12 1 1 1 12 12 12 12 7 12 1 12 12 12 12 12 12 12 12 12 12 100 12 100 12 12 1 12 12 12 12 12 12 12 12 12 12 12 1 12 12 12 12 12 12 12 1 1 12 12 12 12 12 12 12 12 1 12 12 1 12 1 1 100 12 100 12 100 12 1 12 1 1 12 12 12 100 12 12 12 100 12 1 12 1 100 12 12 12 12 12 1 1 1 1 1 1 1 1 1 1 1 1 1 1 1 1 1 1 1 1 1 1 1 1 1 1 1 1 1 1 1 1 1 1 1 1 1 1 1 1 1 1 1 1 1 1 1 1 1 1 1 1 1 1 1 1 1 1 1 1 1 1 1 1 1 1 1 1 1 1 1 1 1 1 1 1 1 1 1 1 1 1 1 1
ciMethod java/util/HashMap$Node <init> (ILjava/lang/Object;Ljava/lang/Object;Ljava/util/HashMap$Node;)V 4097 1 10351 0 0
instanceKlass java/util/LinkedHashMap$Entry
ciInstanceKlass java/util/HashMap$Node 1 1 85 10 9 9 9 9 100 10 10 8 10 10 10 100 11 10 11 7 7 1 1 1 1 1 1 1 1 1 1 1 1 1 1 1 1 1 1 1 1 1 1 1 1 1 1 1 1 1 1 1 1 1 1 1 1 1 12 12 12 12 12 1 12 1 12 12 100 12 100 1 12 12 12 100 1 1 1 1 1 1 1 1 1 1 1
ciMethod java/lang/Math min (II)I 4097 1 27620 0 -1
ciInstanceKlass java/lang/Math 1 1 289 10 10 10 10 10 10 10 6 0 7 6 0 10 10 10 10 10 10 10 10 10 10 10 10 100 3 3 3 10 100 5 0 5 0 5 0 5 0 5 0 9 10 100 8 10 8 10 100 5 0 5 0 100 3 5 0 3 10 10 9 9 10 10 7 6 0 9 100 10 10 10 10 10 4 10 10 10 10 10 10 10 10 10 10 10 10 5 0 5 0 3 6 0 4 6 0 6 0 7 4 4 6 0 10 9 10 9 10 4 6 0 100 100 1 1 1 1 1 6 0 1 1 1 1 1 1 1 1 1 1 1 1 1 1 1 1 1 1 1 1 1 1 1 1 1 1 1 1 1 1 1 1 1 1 1 1 1 1 1 1 1 1 1 1 1 1 1 1 1 1 1 1 1 1 1 1 1 1 1 1 1 1 1 1 1 1 1 1 1 1 1 1 1 1 1 1 1 1 1 1 1 1 1 12 100 12 12 12 12 12 12 1 12 12 12 12 12 12 12 12 12 12 12 12 1 12 1 12 100 12 1 1 12 1 12 1 1 12 12 12 12 12 12 1 12 1 12 12 12 12 12 12 12 12 12 12 12 12 12 12 12 12 1 12 12 12 12 7 12 1 1 1 1 1 1 1 1 1 1 1 1 1 1 1 1 1 1 1
staticfield java/lang/Math $assertionsDisabled Z 1
ciMethod java/nio/charset/Charset newEncoder ()Ljava/nio/charset/CharsetEncoder; 0 0 1 0 -1
instanceKlass sun/nio/cs/ISO_8859_1
instanceKlass sun/nio/cs/US_ASCII
instanceKlass sun/nio/cs/Unicode
ciInstanceKlass java/nio/charset/Charset 1 1 324 10 9 10 9 10 7 8 8 10 10 7 10 10 8 10 100 10 10 9 9 7 100 10 9 10 10 100 10 7 9 10 100 8 10 10 10 10 10 10 10 100 10 11 11 10 11 11 100 10 100 9 8 10 8 10 10 9 9 9 100 10 10 10 8 10 8 10 9 10 10 10 100 100 10 10 10 10 10 10 10 10 10 10 7 10 7 10 100 100 1 1 1 1 1 1 1 1 1 1 1 1 1 1 1 1 1 1 1 1 1 1 1 1 1 1 100 1 1 1 1 1 1 1 1 1 100 1 100 100 1 100 1 1 1 1 1 1 1 1 1 1 100 1 1 100 1 1 100 1 1 1 1 1 1 1 1 1 1 1 1 1 1 100 1 1 1 1 1 1 1 1 1 1 1 1 1 1 1 1 1 1 1 1 12 12 12 12 7 12 1 1 1 12 7 12 1 12 12 1 12 1 12 12 12 12 1 1 12 12 12 12 1 1 12 7 12 1 1 12 12 12 12 12 12 1 100 12 12 12 100 12 12 1 1 12 1 1 12 12 12 12 1 12 12 100 12 1 12 1 100 12 100 12 100 12 12 12 1 1 12 12 100 12 12 12 100 12 12 12 12 1 1 1 1 1 1 1 1 1 1 1 1 1 1 1 1 1 1 1 1 1 1 1 1 1 1 1 1 1 1 1 1 1 1 1 1 1 1 1 1 1 1 1 1 1 1 1 1 1 1 1 1 1
ciMethod java/util/WeakHashMap maskNull (Ljava/lang/Object;)Ljava/lang/Object; 2057 1 3020 0 0
ciMethod java/util/WeakHashMap eq (Ljava/lang/Object;Ljava/lang/Object;)Z 2609 1 1009 0 0
ciMethod java/util/WeakHashMap hash (Ljava/lang/Object;)I 2057 1 3020 0 0
ciMethod java/util/WeakHashMap indexFor (II)I 4097 1 3020 0 0
ciMethod java/util/WeakHashMap expungeStaleEntries ()V 4097 1 3023 0 0
ciMethod java/util/WeakHashMap getTable ()[Ljava/util/WeakHashMap$Entry; 4097 1 3020 0 0
ciMethod java/util/WeakHashMap remove (Ljava/lang/Object;)Ljava/lang/Object; 4097 161 2006 0 0
instanceKlass java/lang/ClassValue$ClassValueMap
ciInstanceKlass java/util/WeakHashMap 1 1 330 7 7 10 7 10 9 100 100 10 8 10 10 10 10 7 3 10 8 10 10 9 9 9 4 10 11 10 10 9 10 10 10 9 10 9 9 9 10 10 10 10 10 10 10 10 9 10 10 100 3 10 11 11 11 11 100 11 11 10 10 10 10 9 7 10 9 100 10 9 100 10 10 10 11 100 10 11 7 10 7 100 100 1 100 1 100 1 100 1 100 1 1 1 1 100 1 100 1 100 1 100 1 1 1 1 1 3 1 1 1 1 1 1 1 1 1 1 1 1 1 1 1 1 1 1 1 1 1 1 1 1 1 1 1 100 1 1 1 1 1 1 100 1 1 1 1 1 1 1 1 100 100 1 1 1 1 1 1 1 1 1 1 1 1 1 1 1 1 1 1 1 1 1 100 1 1 100 1 1 1 1 1 100 1 1 1 100 1 1 1 1 100 1 1 1 100 1 1 1 1 1 1 12 1 12 1 1 1 12 12 12 12 1 7 12 1 12 12 12 12 12 12 12 100 12 12 12 12 12 12 12 12 12 12 12 12 12 12 12 12 12 12 12 12 12 1 12 12 100 12 100 12 12 1 12 12 12 100 12 12 12 1 12 12 1 12 1 100 12 12 100 12 1 100 12 1 1 1 1 1 1 1 1 1 1 1 1 1 1 1 1 1 1 1 1 1 1 1 1 1 1 1 1 1 1 1 1 1 1 1 1 1 1 1 1 1 1 1 1 1 1 1 1 1 1 1 1 1 1
staticfield java/util/WeakHashMap NULL_KEY Ljava/lang/Object; java/lang/Object
ciMethod java/util/Arrays copyOf ([BI)[B 3081 1 10421 0 0
ciInstanceKlass java/util/Arrays 1 1 810 10 100 100 10 8 10 10 8 8 10 10 100 10 10 10 10 10 10 10 10 10 7 10 100 10 10 100 10 10 100 10 10 100 10 10 100 10 10 100 10 10 100 10 10 9 10 100 10 10 10 100 10 10 7 10 10 10 10 10 10 10 100 11 10 10 10 10 10 10 10 10 11 10 100 10 10 100 10 10 100 10 10 100 10 10 10 10 10 10 10 10 10 10 10 10 10 10 10 7 10 10 8 100 10 10 10 100 10 100 10 100 10 100 10 100 10 100 10 100 10 100 10 10 9 100 10 10 10 10 10 10 10 10 10 10 8 8 10 10 8 10 10 10 10 100 3 10 100 10 10 11 10 10 10 10 10 10 10 10 10 11 8 10 11 11 11 11 18 11 11 18 11 18 11 18 100 10 10 10 10 10 10 10 10 10 10 10 10 10 10 10 10 10 10 10 10 10 1 1 100 1 100 1 1 1 1 3 1 3 1 1 1 1 1 1 1 1 1 1 1 1 1 1 1 1 1 1 1 1 1 1 1 1 1 1 1 1 1 1 1 100 1 1 1 1 1 1 1 1 1 1 1 1 1 1 1 1 1 1 1 1 1 1 1 1 1 1 1 1 1 1 1 1 1 1 1 1 1 1 1 100 1 1 1 1 100 1 1 1 1 1 1 1 1 1 1 1 1 1 1 1 1 1 1 1 1 1 1 1 1 1 1 1 1 1 1 1 1 1 1 1 1 1 1 1 1 1 1 1 1 1 1 1 1 1 1 1 1 1 1 1 1 1 1 1 1 1 1 1 1 1 1 1 1 1 1 1 1 1 1 1 1 100 1 1 1 1 1 1 1 1 1 1 100 1 1 1 1 1 1 1 1 1 1 1 1 1 100 1 1 1 100 1 1 1 100 1 1 1 1 1 1 1 1 1 1 1 1 1 1 1 1 1 1 1 1 1 1 1 1 1 12 1 1 1 12 12 1 1 12 12 1 12 100 12 12 12 12 12 12 12 12 1 100 12 100 1 1 1 12 12 100 1 1 12 100 1 1 12 100 1 1 12 100 1 1 12 100 1 1 12 100 1 1 12 12 100 12 100 1 1 12 7 12 7 12 1 12 1 12 12 100 12 100 12 12 12 12 1 12 12 7 12 12 12 100 12 12 12 100 12 100 12 100 1 1 12 1 1 12 1 1 12 1 1 12 12 12 12 12 12 12 100 12 12 100 12 12 12 12 12 1 7 12 12 1 1 12 12 12 1 12 1 12 1 12 1 12 1 12 1 12 1 12 1 12 12 12 1 12 12 12 12 12 12 12 12 12 1 1 12 12 1 12 12 12 100 12 1 1 12 100 12 12 12 12 12 12 12 12 12 12 12 1 12 100 12 100 12 12 1 15 16 15 12 12 100 12 15 12 100 12 15 12 100 12 15 12 1 100 12 12 12 12 12 12 12 12 12 12 100 12 12 12 12 12 12 12 12 12 12 12 1 1 1 1 1 1 1 1 1 1 1 1 1 1 1 1 1 1 1 1 1 1 1 100 1 1 1 1 1 1 1 1 1 1 1 1 1 1 1 1 1 1 1 1 1 1 1 1 1 1 1 1 1 1 1 1 1 1 1 1 1 1 1 1 1 1 1 1 1 1 1 1 1 1 1 1 1 1 1 1 1 1 1 1 1 1 1 1 1 1 1 1 1 1 1 1 1 1 1 1 1 1 1 10 10 1 1 1 1 1 1 1 10 1 1 1 1 10 1 1 1 1 10 1 1 1 1 1 1 1 1 1 1 1 1 1 1 1 1 1 1 1 1 100 12 12 12 12 12 1 1 100 1 1 100 1 1
staticfield java/util/Arrays $assertionsDisabled Z 1
ciInstanceKlass sun/nio/cs/UTF_8 1 1 58 10 8 9 10 8 7 10 7 10 10 10 7 7 100 1 1 1 1 1 1 1 1 1 1 1 1 1 1 1 1 1 1 12 1 7 12 12 1 1 12 1 7 12 12 1 1 1 1 1 1 1 1 1 1 1 1 1
ciInstanceKlass java/nio/charset/CodingErrorAction 1 1 36 10 9 7 8 10 9 8 9 8 9 7 1 1 1 1 1 1 1 1 1 1 1 1 1 1 1 1 12 12 1 12 12 12 12 1
staticfield java/nio/charset/CodingErrorAction IGNORE Ljava/nio/charset/CodingErrorAction; java/nio/charset/CodingErrorAction
staticfield java/nio/charset/CodingErrorAction REPLACE Ljava/nio/charset/CodingErrorAction; java/nio/charset/CodingErrorAction
staticfield java/nio/charset/CodingErrorAction REPORT Ljava/nio/charset/CodingErrorAction; java/nio/charset/CodingErrorAction
ciMethod java/util/Iterator hasNext ()Z 0 0 1 0 -1
ciMethod java/util/Iterator next ()Ljava/lang/Object; 0 0 1 0 -1
ciInstanceKlass java/util/Iterator 1 1 45 100 8 10 10 11 11 11 100 100 1 1 1 1 1 1 1 1 1 1 1 1 1 1 1 1 1 1 12 100 12 12 12 100 12 1 1 1 1 1 1 1 1 1 1
instanceKlass java/io/ByteArrayOutputStream
instanceKlass java/io/FilterOutputStream
instanceKlass java/io/FileOutputStream
ciInstanceKlass java/io/OutputStream 1 1 37 10 10 100 10 100 10 10 100 7 100 100 1 1 1 1 1 1 1 100 1 1 1 1 1 1 1 12 12 1 1 12 1 1 1 1 1
ciMethod java/io/FilterInputStream <init> (Ljava/io/InputStream;)V 4097 1 7616 0 0
instanceKlass java/io/DataInputStream
instanceKlass java/util/jar/Manifest$FastInputStream
instanceKlass java/util/zip/InflaterInputStream
instanceKlass java/io/BufferedInputStream
ciInstanceKlass java/io/FilterInputStream 1 1 51 10 9 10 10 10 10 10 10 10 10 10 7 7 1 1 1 1 1 1 1 1 1 100 1 1 1 1 1 1 1 1 1 1 1 1 1 1 12 12 12 12 12 12 12 12 12 12 1 1 1
ciMethod sun/nio/cs/ArrayEncoder encode ([CII[B)I 0 0 1 0 -1
ciInstanceKlass sun/nio/cs/ArrayEncoder 1 0 9 100 100 1 1 1 1 1 1
ciMethod sun/nio/cs/UTF_8$Encoder encode ([CII[B)I 1649 73729 984 0 -1
ciMethod java/nio/charset/CharsetEncoder onMalformedInput (Ljava/nio/charset/CodingErrorAction;)Ljava/nio/charset/CharsetEncoder; 41 1 5 0 -1
ciMethod java/nio/charset/CharsetEncoder onUnmappableCharacter (Ljava/nio/charset/CodingErrorAction;)Ljava/nio/charset/CharsetEncoder; 41 1 5 0 -1
ciMethod java/nio/charset/CharsetEncoder maxBytesPerChar ()F 4097 1 9318 0 0
ciMethod java/nio/charset/CharsetEncoder encode (Ljava/nio/CharBuffer;Ljava/nio/ByteBuffer;Z)Ljava/nio/charset/CoderResult; 0 0 1 0 -1
ciMethod java/nio/charset/CharsetEncoder flush (Ljava/nio/ByteBuffer;)Ljava/nio/charset/CoderResult; 0 0 1 0 -1
ciMethod java/nio/charset/CharsetEncoder reset ()Ljava/nio/charset/CharsetEncoder; 4097 1 9264 0 0
ciMethod java/nio/charset/CharsetEncoder implReset ()V 4097 1 9264 0 0
instanceKlass sun/nio/cs/UTF_8$Encoder
ciInstanceKlass java/nio/charset/CharsetEncoder 1 1 368 10 9 9 9 7 9 9 9 100 8 10 8 8 10 8 9 9 9 10 10 10 8 8 8 10 8 10 10 100 10 10 10 10 100 10 10 10 10 10 10 10 10 8 10 10 10 10 100 100 10 100 10 10 10 10 10 10 10 9 100 10 10 9 9 10 9 10 10 10 10 10 9 10 10 10 10 10 10 10 10 10 10 10 10 10 10 100 10 10 10 100 10 11 10 100 100 10 8 10 9 8 10 10 10 7 8 8 8 8 7 1 1 1 1 1 1 1 1 1 1 1 1 1 3 1 3 1 3 1 3 1 1 1 1 1 1 1 1 1 1 1 1 1 1 100 100 100 1 1 1 1 1 1 1 1 1 100 100 100 100 100 1 1 1 1 1 1 1 1 1 1 100 100 100 1 1 1 1 1 1 1 1 1 1 1 1 1 100 100 1 1 1 1 1 1 1 12 7 12 12 12 1 12 12 12 1 1 12 1 1 7 12 1 12 12 12 12 12 7 12 1 1 1 12 1 12 12 1 12 12 12 12 1 12 12 100 12 12 12 12 12 100 12 1 12 12 12 12 1 1 12 1 12 12 12 12 12 12 12 1 12 12 12 12 12 12 12 12 12 12 12 12 12 12 12 12 12 12 12 12 12 12 12 12 1 12 12 1 12 100 12 1 1 1 12 12 1 7 12 1 1 1 1 1 1 1 1 1 1 1 1 1 1 1 1 1 1 1 1 1 1 1 1 1 1 1 1 1 1 1 1 1 1 1 1 1 1 1 1 1 1 1 1 1 1 1 1 1 1 1 1 1 1 1 1 1 1 1 1 1 1 1 1 1 1 1 1
staticfield java/nio/charset/CharsetEncoder $assertionsDisabled Z 1
ciInstanceKlass sun/nio/cs/UTF_8$Encoder 1 1 168 10 4 4 10 9 10 10 10 9 10 10 10 10 10 10 10 10 10 10 10 9 100 10 10 10 9 10 10 10 10 10 10 10 10 10 10 10 10 9 7 7 100 1 1 1 1 1 1 1 1 1 1 1 1 1 1 1 1 1 1 1 1 100 100 100 100 100 1 1 1 1 1 1 100 1 1 1 12 12 12 100 12 12 100 12 100 12 100 12 12 12 12 12 100 12 7 12 12 12 100 1 12 12 12 12 12 12 12 12 12 12 12 12 12 12 100 12 1 1 1 1 1 1 1 1 1 1 1 1 1 1 1 1 1 1 1 1 1 1 1 1 1 1 1 1 1 1 1 1 1 1 1 1 1 1 1 1 1 1 1 1 1 1 1 1 1 1
ciMethod java/nio/ByteBuffer wrap ([B)Ljava/nio/ByteBuffer; 0 0 1 0 -1
instanceKlass java/nio/MappedByteBuffer
instanceKlass java/nio/HeapByteBuffer
ciInstanceKlass java/nio/ByteBuffer 1 1 257 10 9 10 9 9 9 9 10 100 10 100 10 7 10 10 100 10 10 10 10 100 10 10 10 10 100 10 100 10 10 10 9 100 10 100 10 10 10 10 8 10 10 8 10 8 10 8 10 10 7 10 10 10 10 9 10 10 7 100 1 1 1 1 1 1 1 1 1 1 1 1 1 100 100 1 1 1 1 1 1 100 1 1 1 1 1 1 1 1 1 1 1 1 1 1 1 1 1 1 1 1 1 1 1 1 1 1 1 1 1 1 1 1 100 1 1 1 1 1 1 1 1 1 1 1 1 1 1 1 1 1 1 1 1 1 1 1 1 1 1 1 1 1 1 1 1 1 1 1 1 1 1 1 1 1 1 1 1 1 1 1 1 1 1 1 1 1 1 1 1 12 12 7 12 7 12 12 12 12 12 1 12 1 12 1 12 12 1 12 12 12 1 12 12 12 1 1 12 12 12 1 1 100 12 100 12 12 1 12 12 1 12 1 12 1 12 12 1 12 100 12 12 100 12 12 12 1 1 1 1 1 1 1 1 1 1 1 1 1 1 1 1 1 1 1 1 1 1 1 1 1 1 1 1 1 1
ciMethodData java/lang/Object <init> ()V 2 241530 orig 204 40 6 13 183 104 75 235 99 216 0 0 0 0 0 0 0 0 0 0 0 0 0 0 0 0 0 0 0 0 0 0 0 0 0 0 0 0 0 0 0 0 0 0 0 0 0 0 0 77 68 79 32 101 120 116 114 97 32 100 97 116 97 32 108 111 99 107 0 0 0 0 0 0 0 0 0 0 0 0 0 0 0 0 0 0 0 0 0 0 0 0 0 0 0 0 0 0 0 0 0 0 0 0 0 0 0 0 0 0 0 0 0 0 0 0 0 0 0 0 0 0 0 0 0 0 0 0 0 0 0 0 0 0 0 0 0 0 0 0 0 0 0 0 0 1 0 0 0 1 0 0 0 1 0 0 0 0 0 0 0 0 2 0 0 201 107 29 0 1 0 0 0 0 0 0 0 0 0 0 0 2 0 0 0 0 0 3 0 1 0 0 0 0 0 0 0 255 255 255 255 0 0 0 0 data 0 oops 0
ciMethod java/lang/IllegalArgumentException <init> (Ljava/lang/String;)V 0 0 1 0 -1
ciInstanceKlass java/lang/IllegalArgumentException 1 1 27 10 10 10 10 100 100 1 1 1 5 0 1 1 1 1 1 1 1 1 1 12 12 12 12 1 1
ciInstanceKlass java/util/WeakHashMap$Entry 1 1 93 10 9 9 9 10 10 100 10 11 10 10 11 10 100 10 10 8 10 10 7 7 1 1 1 1 1 1 1 1 1 1 1 1 1 1 1 1 1 1 1 1 1 1 1 1 1 1 1 100 100 1 1 1 1 1 1 1 12 12 12 12 12 100 12 100 1 12 100 12 12 100 12 1 12 12 1 12 12 1 1 1 1 1 1 1 1 1 1 1 1 1 1
ciMethod java/nio/CharBuffer wrap ([C)Ljava/nio/CharBuffer; 0 0 1 0 -1
instanceKlass java/nio/HeapCharBuffer
ciInstanceKlass java/nio/CharBuffer 1 1 257 10 9 9 10 100 10 7 10 10 100 10 10 10 10 10 10 10 10 100 10 11 10 10 100 10 10 10 10 100 10 100 10 10 10 10 10 10 9 100 10 10 7 10 10 10 10 10 8 10 11 11 18 7 10 10 10 10 10 10 10 100 10 100 100 100 100 1 1 1 1 1 1 1 1 1 1 1 1 1 1 1 1 100 1 1 1 100 1 100 1 1 1 1 1 1 1 1 1 1 1 1 1 1 1 1 1 1 1 1 1 1 1 1 1 1 1 100 1 1 1 1 1 1 1 1 1 1 1 1 100 1 1 1 1 1 1 1 1 1 1 1 100 1 1 1 1 1 1 1 12 12 12 12 1 12 1 12 12 1 12 12 100 12 12 12 12 12 1 12 12 12 12 1 12 12 12 1 1 12 12 100 12 12 12 1 12 1 12 12 100 12 12 1 12 12 12 1 15 16 15 16 12 1 100 12 12 12 12 12 12 12 1 12 1 1 1 1 1 1 100 1 1 1 1 1 1 1 1 1 1 1 1 1 1 1 1 1 10 10 1 1 1 1 1 1 100 12 12 1 1 100 1 1 100 1 1
ciMethod java/nio/charset/CoderResult isUnderflow ()Z 49 1 6 0 -1
ciInstanceKlass java/nio/charset/CoderResult 1 1 140 10 10 9 9 9 10 100 10 10 8 10 8 10 7 100 10 9 10 9 100 10 100 10 100 10 100 10 9 100 10 10 7 8 8 8 8 9 9 7 10 7 10 7 100 1 1 1 1 1 3 1 3 1 3 1 1 3 1 1 1 1 1 1 1 1 1 1 1 1 1 1 1 1 1 1 1 100 1 1 1 1 1 1 1 1 1 1 1 1 1 100 1 1 1 1 12 12 12 12 12 12 1 12 1 12 1 12 1 1 12 12 12 1 1 1 12 1 12 1 7 12 1 1 1 12 12 1 1 1 1 1 1 1 1 1 1 1 1 1
staticfield java/nio/charset/CoderResult names [Ljava/lang/String; 4 [Ljava/lang/String;
staticfield java/nio/charset/CoderResult UNDERFLOW Ljava/nio/charset/CoderResult; java/nio/charset/CoderResult
staticfield java/nio/charset/CoderResult OVERFLOW Ljava/nio/charset/CoderResult; java/nio/charset/CoderResult
staticfield java/nio/charset/CoderResult $assertionsDisabled Z 1
ciMethod java/util/HashMap$TreeNode getTreeNode (ILjava/lang/Object;)Ljava/util/HashMap$TreeNode; 0 0 1 0 -1
ciMethod java/util/HashMap$TreeNode putTreeVal (Ljava/util/HashMap;[Ljava/util/HashMap$Node;ILjava/lang/Object;Ljava/lang/Object;)Ljava/util/HashMap$TreeNode; 0 0 1 0 -1
ciMethod java/util/HashMap$TreeNode split (Ljava/util/HashMap;[Ljava/util/HashMap$Node;II)V 0 0 1 0 -1
ciInstanceKlass java/util/HashMap$TreeNode 0 0 182 100 10 9 9 100 9 9 9 10 100 10 9 9 9 10 10 10 10 10 10 10 10 10 9 10 10 10 10 9 10 10 10 10 10 10 10 100 1 1 1 1 1 1 1 1 1 1 1 1 1 100 1 1 1 1 1 1 1 1 100 1 1 1 100 100 1 1 1 100 100 1 1 1 1 1 1 1 1 1 1 1 1 1 1 100 1 1 1 1 1 1 1 1 1 1 1 1 1 1 1 1 1 1 1 1 1 1 1 12 12 12 1 12 12 12 12 1 12 12 12 12 100 12 12 12 12 12 12 100 12 100 12 100 12 12 12 12 12 12 12 12 12 12 12 12 12 100 1 1 1 1 1 1 1 1 1 1 1 1 1 1 1 1 1 1 1 1 1 1 1 1 1 1 1 1 1 1 1 1 1 1
ciMethodData java/lang/String charAt (I)C 2 93965 orig 204 40 6 13 183 80 116 235 99 4 1 0 0 16 0 0 0 0 0 0 0 0 0 0 0 0 0 0 0 0 0 0 0 0 0 0 0 0 0 0 0 0 0 0 0 0 0 0 0 77 68 79 32 101 120 116 114 97 32 100 97 116 97 32 108 111 99 107 0 0 0 0 0 0 0 0 0 0 0 0 0 0 0 0 0 0 0 0 0 0 0 0 0 0 0 0 0 0 0 0 0 0 0 0 0 0 0 0 0 0 0 0 0 0 0 0 0 0 0 0 0 0 0 0 0 0 0 0 0 0 0 0 0 0 0 0 0 0 0 0 0 0 0 0 0 0 0 0 0 0 0 0 0 0 0 0 0 0 0 0 0 0 2 0 0 105 104 11 0 1 0 0 0 0 0 0 0 0 0 0 0 2 0 0 0 0 0 8 0 2 0 0 0 40 0 0 0 255 255 255 255 7 0 1 0 data 10 0x10007 0x0 0x20 0x16d0d 0xa0007 0x16d0d 0x18 0x0 0x120002 0x0 oops 0
ciMethod java/util/HashSet contains (Ljava/lang/Object;)Z 3273 1 10177 0 0
ciMethod java/util/HashSet add (Ljava/lang/Object;)Z 3073 1 967 0 0
ciInstanceKlass java/util/HashSet 1 1 225 10 7 10 9 11 4 10 10 10 10 100 10 10 11 10 10 10 9 10 10 10 10 7 10 100 100 10 10 10 10 10 10 11 11 10 10 10 100 100 10 8 10 10 10 10 10 10 8 10 8 4 10 4 100 10 100 10 7 10 7 7 100 100 1 1 1 5 0 1 1 1 1 1 1 1 1 1 1 1 1 1 1 1 1 1 1 1 1 1 1 1 1 1 1 1 1 1 1 1 100 1 1 100 1 100 1 1 100 100 100 100 1 1 1 1 1 1 1 12 1 12 100 12 100 12 12 12 12 1 12 12 12 12 12 12 12 12 12 1 1 1 12 100 12 12 12 12 12 100 12 12 12 100 12 12 1 1 1 12 12 12 12 12 100 12 1 12 1 12 1 12 1 1 1 12 1 1 1 1 1 1 1 1 1 1 1 1 1 1 1 1 1 1 1 1 1 1 1 1 1 1 1 1 1 1 1 1 1 1 1 1 1 1 1 1 1 1 1 1 1 1 1 1 1
staticfield java/util/HashSet PRESENT Ljava/lang/Object; java/lang/Object
ciMethodData java/lang/String hashCode ()I 2 30503 orig 204 40 6 13 183 56 130 235 99 20 1 0 0 16 0 0 0 0 0 0 0 0 0 0 0 0 0 0 0 0 0 0 0 0 0 0 0 0 0 0 0 0 0 0 0 0 0 0 0 77 68 79 32 101 120 116 114 97 32 100 97 116 97 32 108 111 99 107 0 0 0 0 0 0 0 0 0 0 0 0 0 0 0 0 0 0 0 0 0 0 0 0 0 0 0 0 0 0 0 0 0 0 0 0 0 0 0 0 0 0 0 0 0 0 0 0 0 0 0 0 0 0 0 0 0 0 0 0 0 0 0 0 0 0 0 0 0 0 0 0 0 0 0 0 0 0 0 0 0 0 0 0 0 0 0 0 0 0 0 0 0 0 16 0 0 161 37 0 0 57 57 3 0 0 0 0 0 0 0 0 0 2 0 0 0 1 0 11 0 2 0 0 0 60 0 0 0 255 255 255 255 7 0 6 0 data 15 0x60007 0x183 0x3c 0x331 0xe0007 0x1 0x2c 0x330 0x1e0007 0x330 0x1c 0x6714 0x2d0003 0x6714 0xfffffff0 oops 0
ciMethodData java/lang/String length ()I 2 19391 orig 204 40 6 13 183 96 115 235 99 216 0 0 0 0 0 0 0 0 0 0 0 0 0 0 0 0 0 0 0 0 0 0 0 0 0 0 0 0 0 0 0 0 0 0 0 0 0 0 0 77 68 79 32 101 120 116 114 97 32 100 97 116 97 32 108 111 99 107 0 0 0 0 0 0 0 0 0 0 0 0 0 0 0 0 0 0 0 0 0 0 0 0 0 0 0 0 0 0 0 0 0 0 0 0 0 0 0 0 0 0 0 0 0 0 0 0 0 0 0 0 0 0 0 0 0 0 0 0 0 0 0 0 0 0 0 0 0 0 0 0 0 0 0 0 0 0 0 0 0 0 0 0 0 0 0 0 0 0 0 0 0 140 1 0 0 153 81 2 0 1 0 0 0 0 0 0 0 0 0 0 0 2 0 0 0 0 0 3 0 1 0 0 0 0 0 0 0 255 255 255 255 0 0 0 0 data 0 oops 0
ciMethod java/util/zip/ZipFile getEntry (Ljava/lang/String;)Ljava/util/zip/ZipEntry; 417 1 8252 0 0
ciMethod java/util/zip/ZipFile getEntry (J[BZ)J 4097 1 512 0 -1
ciMethod java/util/zip/ZipFile freeEntry (JJ)V 4097 1 512 0 -1
ciMethod java/util/zip/ZipFile getInputStream (Ljava/util/zip/ZipEntry;)Ljava/io/InputStream; 3329 1 989 0 0
ciMethod java/util/zip/ZipFile getInflater ()Ljava/util/zip/Inflater; 3337 1 996 0 0
ciMethod java/util/zip/ZipFile releaseInflater (Ljava/util/zip/Inflater;)V 2601 1 1005 0 0
ciMethod java/util/zip/ZipFile getZipEntry (Ljava/lang/String;J)Ljava/util/zip/ZipEntry; 4097 1 1642 0 0
ciMethod java/util/zip/ZipFile ensureOpen ()V 4097 1 10552 0 0
ciMethod java/util/zip/ZipFile getEntryTime (J)J 6153 1 769 0 -1
ciMethod java/util/zip/ZipFile getEntryCrc (J)J 6153 1 769 0 -1
ciMethod java/util/zip/ZipFile getEntryCSize (J)J 4097 1 512 0 -1
ciMethod java/util/zip/ZipFile getEntrySize (J)J 4097 1 512 0 -1
ciMethod java/util/zip/ZipFile getEntryMethod (J)I 4097 1 512 0 -1
ciMethod java/util/zip/ZipFile getEntryFlag (J)I 6153 1 769 0 -1
ciMethod java/util/zip/ZipFile getEntryBytes (JI)[B 4097 1 512 0 -1
ciMethod java/util/zip/ZipFile access$000 (Ljava/util/zip/ZipFile;)Ljava/util/Map; 1313 1 164 0 0
ciMethod java/util/zip/ZipFile access$100 (Ljava/util/zip/ZipFile;Ljava/util/zip/Inflater;)V 2601 1 1003 0 0
ciMethod java/util/zip/ZipFile access$1100 (J)J 3345 1 996 0 0
ciMethod java/util/zip/ZipFile access$1200 (J)J 3345 1 996 0 0
instanceKlass java/util/jar/JarFile
ciInstanceKlass java/util/zip/ZipFile 1 1 518 7 100 10 10 10 10 10 10 10 9 10 9 10 9 9 10 10 9 7 10 7 10 9 10 10 7 10 7 10 9 100 100 10 8 10 10 10 10 10 10 10 10 100 8 10 10 9 10 10 9 10 10 10 10 10 10 10 9 10 10 8 10 10 8 10 9 9 10 7 10 10 11 5 0 5 0 5 0 5 0 10 7 10 100 8 10 11 7 10 10 10 11 7 10 10 100 10 10 10 10 10 10 10 9 10 9 9 9 9 10 9 11 100 10 11 11 11 11 11 100 11 100 10 11 10 10 10 100 8 10 8 8 10 8 10 10 8 10 7 10 10 7 100 100 1 1 1 1 1 1 1 1 1 1 1 1 1 1 1 3 1 3 1 3 1 3 1 1 1 1 1 1 1 1 1 1 1 1 1 3 1 1 1 1 1 1 1 100 1 1 1 1 100 100 100 100 100 1 1 1 1 100 100 100 1 1 1 1 1 1 1 100 100 100 100 1 1 1 1 1 1 1 1 1 1 1 1 1 1 1 1 1 1 100 100 1 1 1 1 1 1 1 1 1 1 1 1 1 1 1 1 1 1 1 1 1 1 1 1 1 1 1 1 1 1 1 1 1 1 1 1 1 1 1 1 1 1 1 1 1 1 1 1 1 1 1 1 1 1 1 1 12 12 12 12 12 12 12 12 12 12 12 12 12 12 12 12 1 12 1 12 7 12 12 12 1 1 12 1 1 1 12 100 12 12 12 7 12 100 12 12 1 1 7 12 12 12 12 12 12 7 12 12 12 12 12 12 12 12 12 12 12 1 12 12 12 1 12 12 7 12 12 1 12 1 1 7 12 1 12 12 12 12 1 12 12 1 100 12 100 12 12 12 12 12 12 12 12 12 12 12 12 12 12 1 12 12 12 100 12 100 12 12 1 1 12 1 12 12 12 12 1 1 1 1 12 1 7 12 100 12 1 12 1 7 12 1 1 1 1 1 1 1 1 1 1 1 1 1 1 1 1 1 1 1 1 1 1 1 1 1 1 1 1 1 1 1 1 1 1 1 1 1 1 1 1 1 1 1 1 1 1 1 1 1 1 1 1 1 1 1 1 1 1 1 1 1 1 1 1 1 1 1 1 1 1 1 1 1 1 1 1 1 1 1 1 1 1 1 1 1 1 1 1 1 1 1
staticfield java/util/zip/ZipFile usemmap Z 1
ciInstanceKlass java/nio/charset/StandardCharsets 1 1 58 10 100 8 10 8 10 9 8 9 8 9 8 9 8 9 8 9 7 100 1 1 1 1 1 1 1 1 1 1 1 1 1 1 12 1 1 12 1 7 12 12 1 12 1 12 1 12 1 12 1 12 1 1 1 1 1 1
staticfield java/nio/charset/StandardCharsets US_ASCII Ljava/nio/charset/Charset; sun/nio/cs/US_ASCII
staticfield java/nio/charset/StandardCharsets ISO_8859_1 Ljava/nio/charset/Charset; sun/nio/cs/ISO_8859_1
staticfield java/nio/charset/StandardCharsets UTF_8 Ljava/nio/charset/Charset; sun/nio/cs/UTF_8
staticfield java/nio/charset/StandardCharsets UTF_16BE Ljava/nio/charset/Charset; sun/nio/cs/UTF_16BE
staticfield java/nio/charset/StandardCharsets UTF_16LE Ljava/nio/charset/Charset; sun/nio/cs/UTF_16LE
staticfield java/nio/charset/StandardCharsets UTF_16 Ljava/nio/charset/Charset; sun/nio/cs/UTF_16
ciMethod java/util/Deque add (Ljava/lang/Object;)Z 0 0 1 0 -1
ciMethod java/util/Deque poll ()Ljava/lang/Object; 0 0 1 0 -1
ciInstanceKlass java/util/Deque 1 0 80 100 100 100 1 1 1 1 1 1 1 1 1 1 1 1 1 1 1 1 1 1 1 1 1 1 1 1 1 1 1 1 1 1 1 1 1 1 1 1 1 1 1 1 1 1 1 100 1 8 1 1 12 10 1 1 1 8 1 1 1 8 1 1 1 8 1 1 8 1 1 1 8 1 1 8 1 1 8 1
ciInstanceKlass java/util/ArrayDeque 1 1 253 10 7 7 9 9 9 9 100 10 100 8 10 10 10 10 10 11 10 100 10 10 10 10 10 100 10 10 10 10 10 10 10 10 100 10 100 10 100 10 10 10 10 10 10 100 10 10 100 10 10 10 10 10 10 100 10 10 10 7 100 100 100 100 1 1 1 1 1 1 1 1 1 1 1 3 1 1 5 0 1 1 1 1 1 1 1 1 1 100 1 1 1 1 1 1 1 1 1 1 1 1 1 1 1 1 1 100 1 1 1 1 1 1 1 1 1 1 1 1 1 1 1 1 1 1 1 1 1 1 1 1 1 1 1 1 1 1 1 1 1 1 1 100 1 1 1 1 100 1 1 100 1 1 1 1 1 1 1 1 1 12 1 1 12 12 12 12 1 12 1 1 12 100 12 12 12 100 12 1 12 12 12 12 1 12 12 12 12 12 12 12 1 1 12 1 12 12 12 7 12 100 12 12 100 12 1 100 12 12 12 100 12 12 12 1 12 12 12 1 1 1 1 1 1 1 1 1 1 1 1 1 1 1 1 1 1 1 1 1 1 1 1 1 1 1 1 1 1 1 1 1 1
staticfield java/util/ArrayDeque $assertionsDisabled Z 1
ciMethod java/util/zip/ZipCoder toString ([BI)Ljava/lang/String; 3105 1 656 0 -1
ciMethod java/util/zip/ZipCoder getBytes (Ljava/lang/String;)[B 4097 1 9241 0 0
ciMethod java/util/zip/ZipCoder getBytesUTF8 (Ljava/lang/String;)[B 0 0 1 0 0
ciMethod java/util/zip/ZipCoder toStringUTF8 ([BI)Ljava/lang/String; 0 0 1 0 -1
ciMethod java/util/zip/ZipCoder isUTF8 ()Z 2977 1 372 0 0
ciMethod java/util/zip/ZipCoder <init> (Ljava/nio/charset/Charset;)V 25 1 3 0 -1
ciMethod java/util/zip/ZipCoder encoder ()Ljava/nio/charset/CharsetEncoder; 4097 1 9264 0 0
ciInstanceKlass java/util/zip/ZipCoder 1 1 201 10 10 10 7 10 9 7 11 100 8 10 10 10 10 10 10 10 10 10 10 10 10 10 10 7 11 10 10 10 10 10 10 9 7 9 10 10 9 10 10 9 10 9 10 10 9 10 10 10 7 1 1 1 1 1 1 1 1 1 1 1 1 1 1 1 100 100 100 100 100 1 1 1 100 100 100 100 1 1 1 1 1 1 1 1 1 1 1 1 1 12 7 12 12 1 12 12 1 12 1 1 12 12 100 12 100 12 12 100 12 12 12 12 12 12 7 12 12 12 1 12 7 12 12 12 12 12 12 1 7 12 12 12 12 7 12 12 12 12 7 12 12 12 12 12 12 12 1 1 1 1 1 1 1 1 1 1 1 1 1 1 1 1 1 1 1 1 1 1 1 1 1 1 1 1 1 1 1 1 1 1 1 1 1 1 1 1 1 1 1 1 1 1 1 1 1 1 1 1 1
ciMethod java/util/zip/ZipEntry <init> ()V 4097 1 1647 0 0
ciMethod java/util/zip/ZipEntry setExtra0 ([BZ)V 4097 1 1649 0 -1
ciMethod java/util/zip/ZipEntry isDirectory ()Z 1569 1 874 0 0
instanceKlass java/util/jar/JarEntry
ciInstanceKlass java/util/zip/ZipEntry 1 1 232 100 10 5 0 9 9 9 9 9 9 8 10 10 3 100 8 10 9 8 9 9 9 9 9 10 7 5 0 5 0 9 10 10 10 8 100 10 10 8 8 8 5 0 8 8 10 8 10 10 10 10 10 10 8 10 10 10 10 10 100 100 100 10 7 100 100 1 1 1 1 1 1 1 1 1 1 1 1 1 1 1 1 1 1 1 3 1 3 1 1 1 1 1 1 1 100 100 1 1 1 1 1 1 1 1 1 1 1 1 1 1 1 1 1 1 1 1 1 1 1 1 1 1 1 1 1 1 1 1 1 1 1 1 1 1 1 1 100 1 1 1 12 12 12 12 12 12 12 7 12 7 12 1 1 12 12 1 12 12 12 12 12 100 12 1 100 12 12 12 12 1 1 12 12 1 1 1 1 1 12 1 12 12 12 100 12 12 12 1 12 12 12 12 100 1 1 12 1 1 1 1 1 1 1 1 1 1 1 1 1 1 1 1 1 1 1 1 1 1 1 1 1 1 1 1 1 1 1 1 1 1
ciMethod java/util/zip/ZipFile$ZipFileInputStream <init> (Ljava/util/zip/ZipFile;J)V 3337 1 996 0 0
ciInstanceKlass java/util/zip/ZipFile$ZipFileInputStream 1 1 100 9 10 9 9 10 9 10 9 9 10 10 10 10 10 100 5 0 3 10 10 11 7 7 1 1 1 1 1 1 1 1 1 1 1 1 1 1 1 1 100 100 1 100 1 100 1 1 1 1 1 1 100 1 1 1 12 12 12 12 7 12 12 12 12 12 12 12 12 12 12 1 12 12 7 12 1 1 1 1 1 1 1 1 1 1 1 1 1 1 1 1 1 1 1 1 1 1 1 1
ciMethod java/util/zip/Inflater <init> (Z)V 17 1 2 0 -1
ciMethod java/util/zip/Inflater reset ()V 3625 1 1005 0 -1
ciMethod java/util/zip/Inflater end ()V 0 0 1 0 0
ciMethod java/util/zip/Inflater ended ()Z 4097 1 1994 0 -1
ciMethod java/util/zip/Inflater end (J)V 0 0 1 0 -1
ciInstanceKlass java/util/zip/Inflater 1 1 155 10 9 9 7 10 10 9 10 100 10 100 10 9 9 10 10 10 10 9 10 9 10 9 9 10 10 10 10 10 10 10 10 9 10 100 10 8 10 7 10 10 7 1 1 1 1 1 1 1 1 1 1 1 1 1 1 1 1 1 1 1 1 1 1 1 100 100 100 100 1 1 1 1 1 1 1 1 1 1 100 1 1 1 1 1 1 1 1 1 1 1 1 1 1 1 1 1 1 1 1 1 1 1 12 12 12 1 12 12 12 12 1 1 12 12 12 12 12 12 12 12 12 12 12 12 12 12 12 12 12 12 12 12 12 100 12 1 1 12 1 7 12 12 1 1 1 1 1 1 1 1 1 1 1
staticfield java/util/zip/Inflater defaultBuf [B 0
staticfield java/util/zip/Inflater $assertionsDisabled Z 1
ciMethod java/util/zip/ZStreamRef address ()J 3145 1 9809 0 -1
ciMethod java/util/zip/ZStreamRef clear ()V 0 0 1 0 -1
ciInstanceKlass java/util/zip/ZStreamRef 1 1 20 10 9 7 7 1 1 1 1 1 1 1 1 1 1 1 12 12 1 1
ciMethod java/util/zip/ZipFile$ZipFileInflaterInputStream <init> (Ljava/util/zip/ZipFile;Ljava/util/zip/ZipFile$ZipFileInputStream;Ljava/util/zip/Inflater;I)V 3337 1 996 0 0
ciMethod java/util/zip/ZipFile$ZipFileInflaterInputStream close ()V 4097 1 2488 0 0
ciMethod java/util/zip/InflaterInputStream <init> (Ljava/io/InputStream;Ljava/util/zip/Inflater;I)V 3337 1 999 0 0
ciMethod java/util/zip/InflaterInputStream close ()V 2601 1 1003 0 0
instanceKlass java/util/zip/ZipFile$ZipFileInflaterInputStream
ciInstanceKlass java/util/zip/InflaterInputStream 1 1 163 9 100 8 10 10 9 9 9 9 100 10 100 8 10 9 9 10 7 10 10 10 10 10 100 10 10 10 10 10 10 100 10 100 8 10 8 100 5 0 10 10 9 10 10 9 100 8 10 10 8 7 7 1 1 1 1 1 1 1 1 1 1 1 1 1 1 1 1 1 1 1 1 100 100 100 1 1 1 1 1 100 100 100 1 1 1 1 1 1 1 1 1 1 1 1 12 1 1 12 12 12 12 12 12 1 12 1 1 12 12 12 1 12 12 12 100 12 1 12 12 12 12 12 1 12 1 1 1 1 100 12 12 12 7 12 12 1 1 12 1 1 1 1 1 1 1 1 1 1 1 1 1 1 1 1 1 1 1 1 1 1 1
ciInstanceKlass java/util/zip/ZipFile$ZipFileInflaterInputStream 1 1 117 9 10 9 9 9 10 10 11 7 10 100 8 10 9 9 10 9 9 10 10 10 100 5 0 3 10 7 7 1 1 1 1 100 1 1 1 1 1 1 1 1 1 1 1 1 100 100 100 100 1 100 1 1 1 1 100 1 1 12 12 12 12 12 12 7 12 7 12 1 12 1 1 12 12 12 7 12 12 12 12 12 12 1 1 1 1 1 1 1 1 1 1 1 1 1 1 1 1 1 1 1 1 1 1 1 1 1 1 1 1 1 1 1 1 1 1
ciMethod java/io/ByteArrayOutputStream ensureCapacity (I)V 3113 1 937 0 -1
ciMethod java/io/ByteArrayOutputStream write ([BII)V 3001 1 937 0 0
ciMethod java/io/ByteArrayOutputStream reset ()V 777 1 869 0 0
ciMethod java/io/ByteArrayOutputStream toByteArray ()[B 2105 1 886 0 0
ciInstanceKlass java/io/ByteArrayOutputStream 1 1 113 100 10 10 100 100 10 8 10 10 10 10 9 10 7 3 10 10 100 10 3 9 10 100 10 10 10 100 10 10 10 7 1 1 1 1 1 1 1 1 1 1 1 1 100 1 1 1 1 1 1 1 1 1 100 1 1 1 1 1 1 1 1 100 1 1 1 1 1 1 1 1 12 12 1 1 1 12 12 12 12 12 12 1 12 7 12 1 12 12 1 7 12 12 1 12 12 12 1 1 1 1 1 1 1 1 1 1 1 1 1 1 1
ciMethod java/io/FileNotFoundException <init> (Ljava/lang/String;)V 4097 1 13214 0 596
ciMethod java/io/IOException <init> (Ljava/lang/String;)V 4097 1 13214 0 -1
instanceKlass com/android/multidex/ArchivePathElement$DirectoryEntryException
instanceKlass java/io/FileNotFoundException
ciInstanceKlass java/io/IOException 1 1 27 10 10 10 10 100 7 1 1 1 5 0 1 1 1 1 1 1 1 1 1 12 12 12 12 1 1
ciInstanceKlass java/io/FileNotFoundException 1 1 43 10 10 100 10 10 8 8 8 10 100 7 1 1 1 5 0 1 1 1 1 1 1 1 100 100 1 1 12 12 1 12 1 1 1 12 1 1 1 1 1 1 1
ciMethodData java/lang/String startsWith (Ljava/lang/String;I)Z 2 12831 orig 204 40 6 13 183 192 128 235 99 32 1 0 0 16 0 0 0 0 0 0 0 0 0 0 0 0 0 0 0 0 0 0 0 0 0 0 0 0 0 0 0 0 0 0 0 0 0 0 0 77 68 79 32 101 120 116 114 97 32 100 97 116 97 32 108 111 99 107 0 0 0 0 0 0 0 0 0 0 0 0 0 0 0 0 0 0 0 0 0 0 0 0 0 0 0 0 0 0 0 0 0 0 0 0 0 0 0 0 0 0 0 0 0 0 0 0 0 0 0 0 0 0 0 0 0 0 0 0 0 0 0 0 0 0 0 0 0 0 0 0 0 0 0 0 0 0 0 0 0 0 0 0 0 0 0 0 0 0 0 0 0 149 1 0 0 209 163 0 0 81 132 1 0 0 0 0 0 0 0 0 0 2 0 0 0 1 0 13 0 2 0 0 0 64 0 0 0 255 255 255 255 7 0 25 0 data 16 0x190007 0x0 0x20 0x147a 0x250007 0x1393 0x10 0xe7 0x2f0007 0x2e1 0x20 0x308b 0x410007 0x1fd9 0xfffffff0 0x10b2 oops 0
ciMethodData java/util/zip/ZipFile ensureOpen ()V 2 10569 orig 204 40 6 13 183 88 118 2 100 8 1 0 0 16 0 0 0 0 0 0 0 0 0 0 0 0 0 0 0 0 0 0 0 0 0 0 0 0 0 0 0 0 0 0 0 0 0 0 0 77 68 79 32 101 120 116 114 97 32 100 97 116 97 32 108 111 99 107 0 0 0 0 0 0 0 0 0 0 0 0 0 0 0 0 0 0 0 0 0 0 0 0 0 0 0 0 0 0 0 0 0 0 0 0 0 0 0 0 0 0 0 0 0 0 0 0 0 0 0 0 0 0 0 0 0 0 0 0 0 0 0 0 0 0 0 0 0 0 0 0 0 0 0 0 0 0 0 0 0 0 0 0 0 0 0 0 0 0 0 0 0 0 2 0 0 65 58 1 0 1 0 0 0 0 0 0 0 0 0 0 0 2 0 0 0 0 0 7 0 2 0 0 0 48 0 0 0 255 255 255 255 7 0 4 0 data 12 0x40007 0x2748 0x18 0x0 0xd0002 0x0 0x170007 0x2748 0x18 0x0 0x200002 0x0 oops 0
ciMethodData java/util/HashMap hash (Ljava/lang/Object;)I 2 64664 orig 204 40 6 13 183 232 233 245 99 32 1 0 0 16 0 0 0 0 0 0 0 0 0 0 0 0 0 0 0 0 0 0 0 0 0 0 0 0 0 0 0 0 0 0 0 0 0 0 0 77 68 79 32 101 120 116 114 97 32 100 97 116 97 32 108 111 99 107 0 0 0 0 0 0 0 0 0 0 0 0 0 0 0 0 0 0 0 0 0 0 0 0 0 0 0 0 0 0 0 0 0 0 0 0 0 0 0 0 0 0 0 0 0 0 0 0 0 0 0 0 0 0 0 0 0 0 0 0 0 0 0 0 0 0 0 0 0 0 0 0 0 0 0 0 0 0 0 0 0 0 0 0 0 0 0 0 0 0 0 0 0 0 2 0 0 193 212 7 0 1 0 0 0 0 0 0 0 0 0 0 0 2 0 0 0 0 0 6 0 2 0 0 0 52 0 0 0 255 255 255 255 7 0 1 0 data 13 0x10007 0xfa98 0x1c 0x0 0x50003 0x0 0x24 0x90005 0x12a 0xb652e900 0xf959 0xb652ecc0 0x15 oops 2 9 java/lang/String 11 java/security/ProtectionDomain
ciMethod java/util/ArrayList$Itr <init> (Ljava/util/ArrayList;)V 4097 1 8109 0 -1
ciMethod java/util/ArrayList$Itr hasNext ()Z 2241 1 13653 0 84
ciMethod java/util/ArrayList$Itr next ()Ljava/lang/Object; 4097 1 8112 0 0
ciMethod java/util/ArrayList$Itr checkForComodification ()V 4097 1 8112 0 0
ciMethod java/util/ArrayList$Itr <init> (Ljava/util/ArrayList;Ljava/util/ArrayList$1;)V 4097 1 8107 0 -1
ciInstanceKlass java/util/ArrayList$Itr 1 1 93 10 9 10 9 9 9 9 10 10 100 10 9 100 10 100 10 10 100 10 11 7 7 100 1 1 1 1 1 1 1 1 1 1 1 1 1 1 1 100 1 1 1 1 100 1 1 1 1 100 1 1 1 1 1 12 12 12 12 7 12 12 12 12 12 1 12 1 1 12 1 100 12 100 12 1 1 1 1 1 1 1 1 1 1 1 1 1 1 1 1 1 1
ciMethod java/lang/IllegalStateException <init> (Ljava/lang/String;)V 0 0 1 0 -1
ciInstanceKlass java/lang/IllegalStateException 0 0 27 10 10 10 10 100 100 1 1 1 5 0 1 1 1 1 1 1 1 1 1 12 12 12 12 1 1
instanceKlass java/lang/ArrayIndexOutOfBoundsException
ciInstanceKlass java/lang/IndexOutOfBoundsException 0 0 21 10 10 100 100 1 1 1 5 0 1 1 1 1 1 1 1 12 12 1 1
ciMethodData java/lang/String endsWith (Ljava/lang/String;)Z 2 17945 orig 204 40 6 13 183 152 129 235 99 8 1 0 0 0 0 0 0 0 0 0 0 0 0 0 0 0 0 0 0 0 0 0 0 0 0 0 0 0 0 0 0 0 0 0 0 0 0 0 0 77 68 79 32 101 120 116 114 97 32 100 97 116 97 32 108 111 99 107 0 0 0 0 0 0 0 0 0 0 0 0 0 0 0 0 0 0 0 0 0 0 0 0 0 0 0 0 0 0 0 0 0 0 0 0 0 0 0 0 0 0 0 0 0 0 0 0 0 0 0 0 0 0 0 0 0 0 0 0 0 0 0 0 0 0 0 0 0 0 0 0 0 0 0 0 0 0 0 0 0 0 0 0 0 0 0 0 0 0 0 0 0 227 1 0 0 177 33 2 0 1 0 0 0 0 0 0 0 0 0 0 0 2 0 0 0 0 0 3 0 2 0 0 0 24 0 0 0 255 255 255 255 5 0 13 0 data 6 0xd0005 0x51 0xb652e900 0x43e5 0x0 0x0 oops 1 2 java/lang/String
ciMethodData java/util/HashMap containsKey (Ljava/lang/Object;)Z 2 10193 orig 204 40 6 13 183 200 241 245 99 44 1 0 0 0 0 0 0 0 0 0 0 0 0 0 0 0 0 0 0 0 0 0 0 0 0 0 0 0 0 0 0 0 0 0 0 0 0 0 0 77 68 79 32 101 120 116 114 97 32 100 97 116 97 32 108 111 99 107 0 0 0 0 0 0 0 0 0 0 0 0 0 0 0 0 0 0 0 0 0 0 0 0 0 0 0 0 0 0 0 0 0 0 0 0 0 0 0 0 0 0 0 0 0 0 0 0 0 0 0 0 0 0 0 0 0 0 0 0 0 0 0 0 0 0 0 0 0 0 0 0 0 0 0 0 0 0 0 0 0 0 0 0 0 0 0 0 0 0 0 0 0 11 0 0 0 49 62 1 0 1 0 0 0 0 0 0 0 0 0 0 0 2 0 0 0 0 0 10 0 2 0 0 0 60 0 0 0 255 255 255 255 2 0 2 0 data 15 0x20002 0x27c6 0x60005 0x192 0x62f35b28 0x2634 0x0 0x0 0x90007 0x1e52 0x1c 0x974 0xd0003 0x974 0xc oops 1 4 java/util/HashMap
ciMethodData java/util/HashMap getNode (ILjava/lang/Object;)Ljava/util/HashMap$Node; 2 6978 orig 204 40 6 13 183 88 241 245 99 76 2 0 0 216 0 0 0 0 0 0 0 0 0 0 0 0 0 0 0 0 0 0 0 0 0 0 0 0 0 0 0 0 0 0 0 0 0 0 0 77 68 79 32 101 120 116 114 97 32 100 97 116 97 32 108 111 99 107 0 0 0 0 0 0 0 0 0 0 0 0 0 0 0 0 0 0 0 0 0 0 0 0 0 0 0 0 0 0 0 0 0 0 0 0 0 0 0 0 0 0 0 0 0 0 0 0 0 0 0 0 0 0 0 0 0 0 0 0 0 0 0 0 0 0 0 0 0 0 0 0 0 0 0 0 0 0 0 0 0 0 0 0 0 0 0 0 0 0 0 0 0 10 1 0 0 193 209 0 0 65 9 0 0 0 0 0 0 0 0 0 0 2 0 0 0 1 0 37 0 2 0 0 0 88 1 0 0 255 255 255 255 7 0 6 0 data 86 0x60007 0x69 0x158 0x19cf 0xe0007 0x0 0x148 0x19cf 0x1c0007 0x6fb 0x138 0x12d4 0x250007 0x5f4 0x58 0xce0 0x310007 0x569 0x48 0x777 0x350007 0x0 0x38 0x777 0x3b0005 0x0 0xb652e900 0x71e 0xb6530330 0x59 0x3e0007 0x0 0x10 0x777 0x4c0007 0x335 0xd0 0x2bf 0x510004 0xfffffd41 0x0 0x0 0x0 0x0 0x540007 0x2bf 0x40 0x0 0x590004 0x0 0x0 0x0 0x0 0x0 0x5e0005 0x0 0x0 0x0 0x0 0x0 0x680007 0x128 0x58 0x208 0x740007 0xf5 0x48 0x113 0x780007 0x0 0x38 0x113 0x7e0005 0x0 0xb652e900 0x113 0x0 0x0 0x810007 0x0 0x10 0x113 0x8f0007 0x71 0xffffffa8 0xb7 oops 3 26 java/lang/String 28 java/security/CodeSource 74 java/lang/String
ciMethodData java/util/HashMap put (Ljava/lang/Object;Ljava/lang/Object;)Ljava/lang/Object; 2 10354 orig 204 40 6 13 183 56 242 245 99 20 1 0 0 0 0 0 0 0 0 0 0 0 0 0 0 0 0 0 0 0 0 0 0 0 0 0 0 0 0 0 0 0 0 0 0 0 0 0 0 77 68 79 32 101 120 116 114 97 32 100 97 116 97 32 108 111 99 107 0 0 0 0 0 0 0 0 0 0 0 0 0 0 0 0 0 0 0 0 0 0 0 0 0 0 0 0 0 0 0 0 0 0 0 0 0 0 0 0 0 0 0 0 0 0 0 0 0 0 0 0 0 0 0 0 0 0 0 0 0 0 0 0 0 0 0 0 0 0 0 0 0 0 0 0 0 0 0 0 0 0 0 0 0 0 0 0 0 0 0 0 0 175 1 0 0 25 54 1 0 1 0 0 0 0 0 0 0 0 0 0 0 2 0 0 0 0 0 7 0 2 0 0 0 32 0 0 0 255 255 255 255 2 0 2 0 data 8 0x20002 0x26c3 0x90005 0x80 0x62f35b28 0x2643 0x0 0x0 oops 1 4 java/util/HashMap
ciMethodData java/util/HashMap putVal (ILjava/lang/Object;Ljava/lang/Object;ZZ)Ljava/lang/Object; 2 10385 orig 204 40 6 13 183 232 243 245 99 160 3 0 0 112 2 0 0 0 0 0 0 0 0 0 0 0 0 0 0 0 0 0 0 0 0 0 0 0 0 0 0 0 0 0 0 0 0 0 0 77 68 79 32 101 120 116 114 97 32 100 97 116 97 32 108 111 99 107 0 0 0 0 0 0 0 0 0 0 0 0 0 0 0 0 0 0 0 0 0 0 0 0 0 0 0 0 0 0 0 0 0 0 0 0 0 0 0 0 0 0 0 0 0 0 0 0 0 0 0 0 0 0 0 0 0 0 0 0 0 0 0 0 0 0 0 0 0 0 0 0 0 0 0 0 0 0 0 0 0 0 0 0 0 0 0 0 0 0 0 0 0 175 1 0 0 9 55 1 0 73 35 0 0 0 0 0 0 0 0 0 0 2 0 0 0 1 0 50 0 2 0 0 0 160 2 0 0 255 255 255 255 7 0 7 0 data 168 0x70007 0x3 0x20 0x26de 0x100007 0x26de 0x28 0x0 0x140005 0x3 0x0 0x0 0x0 0x0 0x2c0007 0xf99 0x4c 0x1748 0x380005 0x0 0x62f35b28 0x1748 0x0 0x0 0x3b0004 0x0 0x62f37a38 0x1748 0x0 0x0 0x3c0003 0x1748 0x1e8 0x450007 0xf8b 0x64 0xe 0x510007 0xe 0x48 0x0 0x550007 0x0 0x44 0x0 0x5b0005 0x0 0x0 0x0 0x0 0x0 0x5e0007 0x0 0x1c 0x0 0x650003 0xe 0x13c 0x6a0004 0xfffff075 0x62f37a38 0x3 0x0 0x0 0x6d0007 0xf8b 0x4c 0x0 0x720004 0x0 0x0 0x0 0x0 0x0 0x7b0005 0x0 0x0 0x0 0x0 0x0 0x800003 0x0 0xd8 0x8e0007 0x469 0x5c 0xf8b 0x980005 0x0 0x62f35b28 0xf8b 0x0 0x0 0xa20007 0xf8b 0xa4 0x0 0xa90005 0x0 0x0 0x0 0x0 0x0 0xac0003 0x0 0x7c 0xb50007 0x469 0x64 0x0 0xc10007 0x0 0x60 0x0 0xc50007 0x0 0x44 0x0 0xcb0005 0x0 0x0 0x0 0x0 0x0 0xce0007 0x0 0x1c 0x0 0xd10003 0x0 0x18 0xdb0003 0x469 0xffffff40 0xe00007 0xf8b 0x48 0xe 0xec0007 0xe 0x20 0x0 0xf10007 0x0 0x10 0x0 0xfd0005 0x0 0x62f35b28 0xe 0x0 0x0 0x11c0007 0x26ca 0x28 0x9 0x1200005 0x0 0x62f35b28 0x9 0x0 0x0 0x1270005 0x0 0x62f35b28 0x26d3 0x0 0x0 oops 7 20 java/util/HashMap 26 java/util/HashMap$Node 60 java/util/HashMap$Node 89 java/util/HashMap 148 java/util/HashMap 158 java/util/HashMap 164 java/util/HashMap
ciMethodData java/lang/String substring (II)Ljava/lang/String; 2 11893 orig 204 40 6 13 183 240 139 235 99 92 1 0 0 104 0 0 0 0 0 0 0 0 0 0 0 0 0 0 0 0 0 0 0 0 0 0 0 0 0 0 0 0 0 0 0 0 0 0 0 77 68 79 32 101 120 116 114 97 32 100 97 116 97 32 108 111 99 107 0 0 0 0 0 0 0 0 0 0 0 0 0 0 0 0 0 0 0 0 0 0 0 0 0 0 0 0 0 0 0 0 0 0 0 0 0 0 0 0 0 0 0 0 0 0 0 0 0 0 0 0 0 0 0 0 0 0 0 0 0 0 0 0 0 0 0 0 0 0 0 0 0 0 0 0 0 25 0 0 0 0 0 0 0 0 0 0 0 0 0 0 0 0 2 0 0 169 99 1 0 1 0 0 0 0 0 0 0 0 0 0 0 2 0 0 0 0 0 15 0 2 0 0 0 124 0 0 0 255 255 255 255 7 0 1 0 data 31 0x10007 0x2c75 0x18 0x0 0x90002 0x0 0x130007 0x2c75 0x18 0x0 0x1b0002 0x0 0x240007 0x2c75 0x18 0x0 0x2c0002 0x0 0x310007 0x2acc 0x2c 0x1a9 0x3a0007 0x154 0x1c 0x55 0x3e0003 0x55 0x14 0x4b0002 0x2c20 oops 0
ciMethodData java/util/zip/ZipFile getEntry (Ljava/lang/String;)Ljava/util/zip/ZipEntry; 2 8255 orig 204 40 6 13 183 248 107 2 100 92 1 0 0 88 0 0 0 0 0 0 0 0 0 0 0 0 0 0 0 0 0 0 0 0 0 0 0 0 0 0 0 0 0 0 0 0 0 0 0 77 68 79 32 101 120 116 114 97 32 100 97 116 97 32 108 111 99 107 0 0 0 0 0 0 0 0 0 0 0 0 0 0 0 0 0 0 0 0 0 0 0 0 0 0 0 0 0 0 0 0 0 0 0 0 0 0 0 0 0 0 0 0 0 0 0 0 0 0 0 0 0 0 0 0 0 0 0 0 0 0 0 0 0 0 0 0 0 0 0 0 0 0 0 0 0 0 0 0 0 0 0 0 0 0 0 0 0 0 0 0 0 52 0 0 0 89 0 1 0 1 0 0 0 0 0 0 0 0 0 0 0 2 0 0 0 0 0 13 0 2 0 0 0 108 0 0 0 255 255 255 255 7 0 1 0 data 27 0x10007 0x200b 0x18 0x0 0xa0002 0x0 0x160002 0x200b 0x220005 0x1ac 0x62e7dcb0 0x1e5f 0x0 0x0 0x260002 0x200b 0x2d0007 0x1c62 0x20 0x3a9 0x330002 0x3a9 0x3d0002 0x3a9 0x490003 0x1c62 0xc oops 1 10 java/util/zip/ZipCoder
ciMethodData sun/nio/cs/UTF_8$Encoder encode ([CII[B)I 2 36148 orig 204 40 6 13 183 192 159 250 99 28 2 0 0 40 0 0 0 0 0 0 0 0 0 0 0 0 0 0 0 0 0 0 0 0 0 0 0 0 0 0 0 0 0 0 0 0 0 0 0 77 68 79 32 101 120 116 114 97 32 100 97 116 97 32 108 111 99 107 0 0 0 0 0 0 0 0 0 0 0 0 0 0 0 0 0 0 0 0 0 0 0 0 0 0 0 0 0 0 0 0 0 0 0 0 0 0 0 0 0 0 0 0 0 0 0 0 0 0 0 0 0 0 0 0 0 0 0 0 0 0 0 0 0 0 0 0 0 0 0 0 0 0 0 0 0 0 0 0 0 0 0 0 0 0 0 0 0 0 0 0 0 0 36 0 0 81 24 0 0 161 73 3 0 0 0 0 0 0 0 0 0 2 0 0 0 2 0 37 0 2 0 0 0 32 1 0 0 255 255 255 255 2 0 14 0 data 72 0xe0002 0x30a 0x180007 0x30a 0x2c 0x6927 0x210007 0x0 0x1c 0x6927 0x330003 0x6927 0xffffffe0 0x390007 0x30a 0xec 0x0 0x490007 0x0 0x1c 0x0 0x570003 0x0 0xc0 0x5f0007 0x0 0x1c 0x0 0x860003 0x0 0xa4 0x8b0002 0x0 0x8e0007 0x0 0x90 0x0 0x950007 0x0 0x18 0x0 0x9d0002 0x0 0xaf0005 0x0 0x0 0x0 0x0 0x0 0xb60007 0x0 0x44 0x0 0xba0005 0x0 0x0 0x0 0x0 0x0 0xc00007 0x0 0x10 0x0 0xd10003 0x0 0xc 0x1250003 0x0 0xc 0x1610003 0x0 0xffffff20 oops 0
ciMethodData java/lang/ref/ReferenceQueue poll ()Ljava/lang/ref/Reference; 2 3045 orig 204 40 6 13 183 32 152 245 99 240 0 0 0 0 0 0 0 0 0 0 0 0 0 0 0 0 0 0 0 0 0 0 0 0 0 0 0 0 0 0 0 0 0 0 0 0 0 0 0 77 68 79 32 101 120 116 114 97 32 100 97 116 97 32 108 111 99 107 0 0 0 0 0 0 0 0 0 0 0 0 0 0 0 0 0 0 0 0 0 0 0 0 0 0 0 0 0 0 0 0 0 0 0 0 0 0 0 0 0 0 0 0 0 0 0 0 0 0 0 0 0 0 0 0 0 0 0 0 0 0 0 0 0 0 0 0 0 0 0 0 0 0 0 0 0 0 0 0 0 0 0 0 0 0 0 0 0 0 0 0 0 10 1 0 0 217 86 0 0 1 0 0 0 0 0 0 0 0 0 0 0 2 0 0 0 0 0 9 0 2 0 0 0 24 0 0 0 255 255 255 255 7 0 4 0 data 6 0x40007 0x0 0x10 0xadb 0x110002 0x0 oops 0
ciMethodData java/lang/String toCharArray ()[C 2 9403 orig 204 40 6 13 183 144 154 235 99 244 0 0 0 0 0 0 0 0 0 0 0 0 0 0 0 0 0 0 0 0 0 0 0 0 0 0 0 0 0 0 0 0 0 0 0 0 0 0 0 77 68 79 32 101 120 116 114 97 32 100 97 116 97 32 108 111 99 107 0 0 0 0 0 0 0 0 0 0 0 0 0 0 0 0 0 0 0 0 0 0 0 0 0 0 0 0 0 0 0 0 0 0 0 0 0 0 0 0 0 0 0 0 0 0 0 0 0 0 0 0 0 0 0 0 0 0 0 0 0 0 0 0 0 0 0 0 0 0 0 0 0 0 0 0 0 0 0 0 0 0 0 0 0 0 0 0 0 0 0 0 0 2 1 0 0 201 29 1 0 1 0 0 0 0 0 0 0 0 0 0 0 2 0 0 0 0 0 3 0 2 0 0 0 8 0 0 0 255 255 255 255 2 0 20 0 data 2 0x140002 0x23b9 oops 0
ciMethodData java/util/WeakHashMap maskNull (Ljava/lang/Object;)Ljava/lang/Object; 2 3020 orig 204 40 6 13 183 56 154 247 99 244 0 0 0 0 0 0 0 0 0 0 0 0 0 0 0 0 0 0 0 0 0 0 0 0 0 0 0 0 0 0 0 0 0 0 0 0 0 0 0 77 68 79 32 101 120 116 114 97 32 100 97 116 97 32 108 111 99 107 0 0 0 0 0 0 0 0 0 0 0 0 0 0 0 0 0 0 0 0 0 0 0 0 0 0 0 0 0 0 0 0 0 0 0 0 0 0 0 0 0 0 0 0 0 0 0 0 0 0 0 0 0 0 0 0 0 0 0 0 0 0 0 0 0 0 0 0 0 0 0 0 0 0 0 0 0 0 0 0 0 0 0 0 0 0 0 0 0 0 0 0 0 1 1 0 0 89 86 0 0 1 0 0 0 0 0 0 0 0 0 0 0 2 0 0 0 0 0 6 0 2 0 0 0 28 0 0 0 255 255 255 255 7 0 1 0 data 7 0x10007 0xacb 0x1c 0x0 0x70003 0x0 0xc oops 0
ciMethodData java/util/WeakHashMap hash (Ljava/lang/Object;)I 2 3020 orig 204 40 6 13 183 152 155 247 99 8 1 0 0 0 0 0 0 0 0 0 0 0 0 0 0 0 0 0 0 0 0 0 0 0 0 0 0 0 0 0 0 0 0 0 0 0 0 0 0 77 68 79 32 101 120 116 114 97 32 100 97 116 97 32 108 111 99 107 0 0 0 0 0 0 0 0 0 0 0 0 0 0 0 0 0 0 0 0 0 0 0 0 0 0 0 0 0 0 0 0 0 0 0 0 0 0 0 0 0 0 0 0 0 0 0 0 0 0 0 0 0 0 0 0 0 0 0 0 0 0 0 0 0 0 0 0 0 0 0 0 0 0 0 0 0 0 0 0 0 0 0 0 0 0 0 0 0 0 0 0 0 1 1 0 0 89 86 0 0 1 0 0 0 0 0 0 0 0 0 0 0 2 0 0 0 0 0 3 0 2 0 0 0 24 0 0 0 255 255 255 255 5 0 1 0 data 6 0x10005 0x0 0x66777488 0x732 0x62d05cb0 0x399 oops 2 2 java/util/zip/ZipFile$ZipFileInflaterInputStream 4 java/util/zip/ZipFile$ZipFileInputStream
ciMethodData java/util/Arrays copyOf ([BI)[B 2 10453 orig 204 40 6 13 183 0 45 248 99 0 1 0 0 0 0 0 0 0 0 0 0 0 0 0 0 0 0 0 0 0 0 0 0 0 0 0 0 0 0 0 0 0 0 0 0 0 0 0 0 77 68 79 32 101 120 116 114 97 32 100 97 116 97 32 108 111 99 107 0 0 0 0 0 0 0 0 0 0 0 0 0 0 0 0 0 0 0 0 0 0 0 0 0 0 0 0 0 0 0 0 0 0 0 0 0 0 0 0 0 0 0 0 0 0 0 0 0 0 0 0 0 0 0 0 0 0 0 0 0 0 0 0 0 0 0 0 0 0 0 0 0 0 0 0 0 0 0 0 0 0 0 0 0 0 0 0 0 0 0 0 0 129 1 0 0 161 58 1 0 1 0 0 0 0 0 0 0 0 0 0 0 2 0 0 0 0 0 7 0 2 0 0 0 16 0 0 0 255 255 255 255 2 0 11 0 data 4 0xb0002 0x2754 0xe0002 0x2754 oops 0
ciMethodData java/util/HashMap$Node <init> (ILjava/lang/Object;Ljava/lang/Object;Ljava/util/HashMap$Node;)V 2 10351 orig 204 40 6 13 183 64 38 246 99 240 0 0 0 0 0 0 0 0 0 0 0 0 0 0 0 0 0 0 0 0 0 0 0 0 0 0 0 0 0 0 0 0 0 0 0 0 0 0 0 77 68 79 32 101 120 116 114 97 32 100 97 116 97 32 108 111 99 107 0 0 0 0 0 0 0 0 0 0 0 0 0 0 0 0 0 0 0 0 0 0 0 0 0 0 0 0 0 0 0 0 0 0 0 0 0 0 0 0 0 0 0 0 0 0 0 0 0 0 0 0 0 0 0 0 0 0 0 0 0 0 0 0 0 0 0 0 0 0 0 0 0 0 0 0 0 0 0 0 0 0 0 0 0 0 0 0 0 0 0 0 0 0 2 0 0 121 51 1 0 1 0 0 0 0 0 0 0 0 0 0 0 2 0 0 0 0 0 3 0 2 0 0 0 8 0 0 0 255 255 255 255 2 0 1 0 data 2 0x10002 0x266f oops 0
ciMethodData java/util/HashMap resize ()[Ljava/util/HashMap$Node; 2 31240 orig 204 40 6 13 183 232 245 245 99 100 3 0 0 216 0 0 0 0 0 0 0 0 0 0 0 0 0 0 0 0 0 0 0 0 0 0 0 0 0 0 0 0 0 0 0 0 0 0 0 77 68 79 32 101 120 116 114 97 32 100 97 116 97 32 108 111 99 107 0 0 0 0 0 0 0 0 0 0 0 0 0 0 0 0 0 0 0 0 0 0 0 0 0 0 0 0 0 0 0 0 0 0 0 0 0 0 0 0 0 0 0 0 0 0 0 0 0 0 0 0 0 0 0 0 0 0 0 0 0 0 0 0 0 0 0 0 0 0 0 0 0 0 0 0 0 0 0 0 0 0 0 0 0 0 0 0 0 0 0 0 0 110 2 0 0 89 0 0 0 209 188 3 0 0 0 0 0 0 0 0 0 2 0 0 0 0 0 0 0 0 0 0 0 120 2 0 0 255 255 255 255 7 0 6 0 data 158 0x60007 0xb 0x1c 0x0 0xa0003 0x0 0xc 0x190007 0x0 0x4c 0xb 0x1f0007 0xb 0x10 0x0 0x320007 0x0 0x48 0xb 0x380007 0x0 0x38 0xb 0x400003 0xb 0x28 0x440007 0x0 0x1c 0x0 0x4a0003 0x0 0xc 0x570007 0xb 0x3c 0x0 0x680007 0x0 0x2c 0x0 0x700007 0x0 0x1c 0x0 0x760003 0x0 0xc 0x880004 0x0 0x62bf8da8 0xb 0x0 0x0 0x940007 0x0 0x1a0 0xb 0x9d0007 0xb 0x190 0x6200 0xa70007 0x2e0f 0x174 0x33f1 0xae0104 0x0 0x0 0x0 0x0 0x0 0xb40007 0x1107 0x34 0x22ea 0xc50004 0x0 0x62f37a38 0x22ea 0x0 0x0 0xc60003 0x22ea 0x124 0xcb0004 0xffffeef9 0x62f37a38 0x1107 0x0 0x0 0xce0007 0x1107 0x4c 0x0 0xd30004 0x0 0x0 0x0 0x0 0x0 0xdc0005 0x0 0x0 0x0 0x0 0x0 0xdf0003 0x0 0xc0 0xfc0007 0x1310 0x38 0x1391 0x1010007 0x630 0x1c 0xd61 0x1080003 0xd61 0xc 0x1160003 0x1391 0x28 0x11b0007 0x5f5 0x1c 0xd1b 0x1220003 0xd1b 0xc 0x1350007 0x159a 0xffffffac 0x1107 0x13a0007 0x3a6 0x28 0xd61 0x1490004 0x0 0x62f37a38 0xd61 0x0 0x0 0x14c0007 0x3ec 0x28 0xd1b 0x15d0004 0x0 0x62f37a38 0xd1b 0x0 0x0 0x1610003 0x6200 0xfffffe7c oops 5 50 [Ljava/util/HashMap$Node; 78 java/util/HashMap$Node 87 java/util/HashMap$Node 141 java/util/HashMap$Node 151 java/util/HashMap$Node
ciMethodData java/util/HashSet add (Ljava/lang/Object;)Z 1 967 orig 204 40 6 13 183 168 95 0 100 36 1 0 0 0 0 0 0 0 0 0 0 0 0 0 0 0 0 0 0 0 0 0 0 0 0 0 0 0 0 0 0 0 0 0 0 0 0 0 0 77 68 79 32 101 120 116 114 97 32 100 97 116 97 32 108 111 99 107 0 0 0 0 0 0 0 0 0 0 0 0 0 0 0 0 0 0 0 0 0 0 0 0 0 0 0 0 0 0 0 0 0 0 0 0 0 0 0 0 0 0 0 0 0 0 0 0 0 0 0 0 0 0 0 0 0 0 0 0 0 0 0 0 0 0 0 0 0 0 0 0 0 0 0 0 0 0 0 0 0 0 0 0 0 0 0 0 0 0 0 0 0 128 1 0 0 57 18 0 0 1 0 0 0 0 0 0 0 0 0 0 0 2 0 0 0 0 0 11 0 2 0 0 0 52 0 0 0 255 255 255 255 5 0 8 0 data 13 0x80005 0x0 0x62f35b28 0x247 0x0 0x0 0xb0007 0x5 0x1c 0x242 0xf0003 0x242 0xc oops 1 2 java/util/HashMap
ciMethodData java/util/HashMap newNode (ILjava/lang/Object;Ljava/lang/Object;Ljava/util/HashMap$Node;)Ljava/util/HashMap$Node; 2 10335 orig 204 40 6 13 183 104 10 246 99 240 0 0 0 0 0 0 0 0 0 0 0 0 0 0 0 0 0 0 0 0 0 0 0 0 0 0 0 0 0 0 0 0 0 0 0 0 0 0 0 77 68 79 32 101 120 116 114 97 32 100 97 116 97 32 108 111 99 107 0 0 0 0 0 0 0 0 0 0 0 0 0 0 0 0 0 0 0 0 0 0 0 0 0 0 0 0 0 0 0 0 0 0 0 0 0 0 0 0 0 0 0 0 0 0 0 0 0 0 0 0 0 0 0 0 0 0 0 0 0 0 0 0 0 0 0 0 0 0 0 0 0 0 0 0 0 0 0 0 0 0 0 0 0 0 0 0 0 0 0 0 0 0 2 0 0 249 50 1 0 1 0 0 0 0 0 0 0 0 0 0 0 2 0 0 0 0 0 3 0 2 0 0 0 8 0 0 0 255 255 255 255 2 0 9 0 data 2 0x90002 0x265f oops 0
ciMethodData java/util/HashMap afterNodeInsertion (Z)V 2 1625 orig 204 40 6 13 183 16 13 246 99 220 0 0 0 0 0 0 0 0 0 0 0 0 0 0 0 0 0 0 0 0 0 0 0 0 0 0 0 0 0 0 0 0 0 0 0 0 0 0 0 77 68 79 32 101 120 116 114 97 32 100 97 116 97 32 108 111 99 107 0 0 0 0 0 0 0 0 0 0 0 0 0 0 0 0 0 0 0 0 0 0 0 0 0 0 0 0 0 0 0 0 0 0 0 0 0 0 0 0 0 0 0 0 0 0 0 0 0 0 0 0 0 0 0 0 0 0 0 0 0 0 0 0 0 0 0 0 0 0 0 0 0 0 0 0 0 0 0 0 0 0 0 0 0 0 0 0 0 0 0 0 0 0 2 0 0 201 34 0 0 1 0 0 0 0 0 0 0 0 0 0 0 2 0 0 0 0 0 3 0 1 0 0 0 0 0 0 0 255 255 255 255 0 0 0 0 data 0 oops 0
ciMethodData java/util/ArrayList$Itr hasNext ()Z 2 13653 orig 204 40 6 13 183 104 19 8 100 16 1 0 0 0 0 0 0 0 0 0 0 0 0 0 0 0 0 0 0 0 0 0 0 0 0 0 0 0 0 0 0 0 0 0 0 0 0 0 0 77 68 79 32 101 120 116 114 97 32 100 97 116 97 32 108 111 99 107 0 0 0 0 0 0 0 0 0 0 0 0 0 0 0 0 0 0 0 0 0 0 0 0 0 0 0 0 0 0 0 0 0 0 0 0 0 0 0 0 0 0 0 0 0 0 0 0 0 0 0 0 0 0 0 0 0 0 0 0 0 0 0 0 0 0 0 0 0 0 0 0 0 0 0 0 0 0 0 0 0 0 0 0 0 0 0 0 0 0 0 0 0 24 1 0 0 233 161 1 0 1 0 0 0 0 0 0 0 0 0 0 0 2 0 0 0 0 0 6 0 2 0 0 0 36 0 0 0 255 255 255 255 2 0 8 0 data 9 0x80002 0x343d 0xb0007 0x189a 0x1c 0x1ba3 0xf0003 0x1ba3 0xc oops 0
ciMethodData java/io/FileNotFoundException <init> (Ljava/lang/String;)V 2 13214 orig 204 40 6 13 183 88 184 6 100 228 0 0 0 0 0 0 0 0 0 0 0 0 0 0 0 0 0 0 0 0 0 0 0 0 0 0 0 0 0 0 0 0 0 0 0 0 0 0 0 77 68 79 32 101 120 116 114 97 32 100 97 116 97 32 108 111 99 107 0 0 0 0 0 0 0 0 0 0 0 0 0 0 0 0 0 0 0 0 0 0 0 0 0 0 0 0 0 0 0 0 0 0 0 0 0 0 0 0 0 0 0 0 0 0 0 0 0 0 0 0 0 0 0 0 0 0 0 0 0 0 0 0 0 0 0 0 0 0 0 0 0 0 0 0 0 17 0 0 0 0 0 0 0 0 0 0 0 0 0 0 0 0 2 0 0 241 140 1 0 1 0 0 0 0 0 0 0 0 0 0 0 2 0 0 0 0 0 3 0 2 0 0 0 8 0 0 0 255 255 255 255 2 0 2 0 data 2 0x20002 0x319e oops 0
ciMethodData java/nio/charset/CharsetEncoder maxBytesPerChar ()F 2 9324 orig 204 40 6 13 183 120 176 250 99 216 0 0 0 0 0 0 0 0 0 0 0 0 0 0 0 0 0 0 0 0 0 0 0 0 0 0 0 0 0 0 0 0 0 0 0 0 0 0 0 77 68 79 32 101 120 116 114 97 32 100 97 116 97 32 108 111 99 107 0 0 0 0 0 0 0 0 0 0 0 0 0 0 0 0 0 0 0 0 0 0 0 0 0 0 0 0 0 0 0 0 0 0 0 0 0 0 0 0 0 0 0 0 0 0 0 0 0 0 0 0 0 0 0 0 0 0 0 0 0 0 0 0 0 0 0 0 0 0 0 0 0 0 0 0 0 0 0 0 0 0 0 0 0 0 0 0 0 0 0 0 0 0 2 0 0 97 19 1 0 1 0 0 0 0 0 0 0 0 0 0 0 2 0 0 0 0 0 3 0 1 0 0 0 0 0 0 0 255 255 255 255 0 0 0 0 data 0 oops 0
ciMethodData java/util/zip/ZipCoder getBytes (Ljava/lang/String;)[B 2 9264 orig 204 40 6 13 183 32 83 3 100 240 2 0 0 208 1 0 0 0 0 0 0 0 0 0 0 0 0 0 0 0 0 0 0 0 0 0 0 0 0 0 0 0 0 0 0 0 0 0 0 77 68 79 32 101 120 116 114 97 32 100 97 116 97 32 108 111 99 107 0 0 0 0 0 0 0 0 0 0 0 0 0 0 0 0 0 0 0 0 0 0 0 0 0 0 0 0 0 0 0 0 0 0 0 0 0 0 0 0 0 0 0 0 0 0 0 0 0 0 0 0 0 0 0 0 0 0 0 0 0 0 0 0 0 0 0 0 0 0 0 0 0 0 0 0 0 0 0 0 0 0 0 0 0 0 0 0 0 0 0 0 0 0 2 0 0 129 17 1 0 1 0 0 0 0 0 0 0 0 0 0 0 2 0 0 0 0 0 52 0 2 0 0 0 0 2 0 0 255 255 255 255 2 0 1 0 data 128 0x10002 0x2230 0x40005 0x33 0x62e221f8 0x21fd 0x0 0x0 0x90005 0x33 0xb652e900 0x21fd 0x0 0x0 0x110005 0x33 0x62e221f8 0x21fd 0x0 0x0 0x200007 0x2230 0x10 0x0 0x2a0007 0x0 0x88 0x2230 0x2e0004 0x0 0x62e221f8 0x2230 0x0 0x0 0x310007 0x0 0x60 0x2230 0x350004 0x0 0x62e221f8 0x2230 0x0 0x0 0x3e0005 0x0 0x62e221f8 0x2230 0x0 0x0 0x480007 0x2230 0x18 0x0 0x510002 0x0 0x590002 0x2230 0x5f0002 0x0 0x650002 0x0 0x700005 0x0 0x0 0x0 0x0 0x0 0x770005 0x0 0x0 0x0 0x0 0x0 0x7a0007 0x0 0x30 0x0 0x830005 0x0 0x0 0x0 0x0 0x0 0x860002 0x0 0x8d0005 0x0 0x0 0x0 0x0 0x0 0x940005 0x0 0x0 0x0 0x0 0x0 0x970007 0x0 0x30 0x0 0xa00005 0x0 0x0 0x0 0x0 0x0 0xa30002 0x0 0xa90005 0x0 0x0 0x0 0x0 0x0 0xaf0007 0x0 0x10 0x0 0xb90005 0x0 0x0 0x0 0x0 0x0 0xbc0002 0x0 oops 6 4 sun/nio/cs/UTF_8$Encoder 10 java/lang/String 16 sun/nio/cs/UTF_8$Encoder 30 sun/nio/cs/UTF_8$Encoder 40 sun/nio/cs/UTF_8$Encoder 46 sun/nio/cs/UTF_8$Encoder
ciMethodData java/util/zip/ZipCoder encoder ()Ljava/nio/charset/CharsetEncoder; 2 9264 orig 204 40 6 13 183 160 86 3 100 68 1 0 0 0 0 0 0 0 0 0 0 0 0 0 0 0 0 0 0 0 0 0 0 0 0 0 0 0 0 0 0 0 0 0 0 0 0 0 0 77 68 79 32 101 120 116 114 97 32 100 97 116 97 32 108 111 99 107 0 0 0 0 0 0 0 0 0 0 0 0 0 0 0 0 0 0 0 0 0 0 0 0 0 0 0 0 0 0 0 0 0 0 0 0 0 0 0 0 0 0 0 0 0 0 0 0 0 0 0 0 0 0 0 0 0 0 0 0 0 0 0 0 0 0 0 0 0 0 0 0 0 0 0 0 0 0 0 0 0 0 0 0 0 0 0 0 0 0 0 0 0 0 2 0 0 129 17 1 0 1 0 0 0 0 0 0 0 0 0 0 0 2 0 0 0 0 0 10 0 2 0 0 0 88 0 0 0 255 255 255 255 7 0 4 0 data 22 0x40007 0x2230 0x58 0x0 0xc0005 0x0 0x0 0x0 0x0 0x0 0x120005 0x0 0x0 0x0 0x0 0x0 0x180005 0x0 0x0 0x0 0x0 0x0 oops 0
ciMethodData java/nio/charset/CharsetEncoder reset ()Ljava/nio/charset/CharsetEncoder; 2 9264 orig 204 40 6 13 183 152 179 250 99 4 1 0 0 0 0 0 0 0 0 0 0 0 0 0 0 0 0 0 0 0 0 0 0 0 0 0 0 0 0 0 0 0 0 0 0 0 0 0 0 77 68 79 32 101 120 116 114 97 32 100 97 116 97 32 108 111 99 107 0 0 0 0 0 0 0 0 0 0 0 0 0 0 0 0 0 0 0 0 0 0 0 0 0 0 0 0 0 0 0 0 0 0 0 0 0 0 0 0 0 0 0 0 0 0 0 0 0 0 0 0 0 0 0 0 0 0 0 0 0 0 0 0 0 0 0 0 0 0 0 0 0 0 0 0 0 0 0 0 0 0 0 0 0 0 0 0 0 0 0 0 0 0 2 0 0 129 17 1 0 1 0 0 0 0 0 0 0 0 0 0 0 2 0 0 0 0 0 3 0 2 0 0 0 24 0 0 0 255 255 255 255 5 0 1 0 data 6 0x10005 0x0 0x62e221f8 0x2230 0x0 0x0 oops 1 2 sun/nio/cs/UTF_8$Encoder
ciMethodData java/nio/charset/CharsetEncoder implReset ()V 2 9264 orig 204 40 6 13 183 248 179 250 99 216 0 0 0 0 0 0 0 0 0 0 0 0 0 0 0 0 0 0 0 0 0 0 0 0 0 0 0 0 0 0 0 0 0 0 0 0 0 0 0 77 68 79 32 101 120 116 114 97 32 100 97 116 97 32 108 111 99 107 0 0 0 0 0 0 0 0 0 0 0 0 0 0 0 0 0 0 0 0 0 0 0 0 0 0 0 0 0 0 0 0 0 0 0 0 0 0 0 0 0 0 0 0 0 0 0 0 0 0 0 0 0 0 0 0 0 0 0 0 0 0 0 0 0 0 0 0 0 0 0 0 0 0 0 0 0 0 0 0 0 0 0 0 0 0 0 0 0 0 0 0 0 0 2 0 0 129 17 1 0 1 0 0 0 0 0 0 0 0 0 0 0 2 0 0 0 0 0 3 0 1 0 0 0 0 0 0 0 255 255 255 255 0 0 0 0 data 0 oops 0
ciMethodData java/util/zip/ZipFile getZipEntry (Ljava/lang/String;J)Ljava/util/zip/ZipEntry; 2 1649 orig 204 40 6 13 183 176 114 2 100 128 2 0 0 100 1 0 0 0 0 0 0 0 0 0 0 0 0 0 0 0 0 0 0 0 0 0 0 0 0 0 0 0 0 0 0 0 0 0 0 77 68 79 32 101 120 116 114 97 32 100 97 116 97 32 108 111 99 107 0 0 0 0 0 0 0 0 0 0 0 0 0 0 0 0 0 0 0 0 0 0 0 0 0 0 0 0 0 0 0 0 0 0 0 0 0 0 0 0 0 0 0 0 0 0 0 0 0 0 0 0 0 0 0 0 0 0 0 0 0 0 0 0 0 0 0 0 0 0 0 0 0 0 0 0 0 0 0 0 0 0 0 0 0 0 0 0 0 0 0 0 0 0 2 0 0 137 35 0 0 1 0 0 0 0 0 0 0 0 0 0 0 2 0 0 0 0 0 19 0 2 0 0 0 136 1 0 0 255 255 255 255 2 0 4 0 data 98 0x40002 0x471 0xc0002 0x471 0x130007 0x118 0x1c 0x359 0x1c0003 0x359 0x88 0x210002 0x118 0x2a0005 0xf 0x62e7dcb0 0x109 0x0 0x0 0x2d0007 0x118 0x44 0x0 0x390007 0x0 0x34 0x0 0x470005 0x0 0x0 0x0 0x0 0x0 0x4d0003 0x0 0x24 0x5b0005 0xf 0x62e7dcb0 0x109 0x0 0x0 0x640002 0x471 0x6d0002 0x471 0x760002 0x471 0x7f0002 0x471 0x880002 0x471 0x920002 0x471 0x960005 0x0 0x62e7bdf8 0x471 0x0 0x0 0x9b0002 0x471 0xa20007 0x0 0x1c 0x471 0xab0003 0x471 0x80 0xb20005 0x0 0x0 0x0 0x0 0x0 0xb50007 0x0 0x44 0x0 0xc10007 0x0 0x34 0x0 0xcf0005 0x0 0x0 0x0 0x0 0x0 0xd50003 0x0 0x24 0xe30005 0x0 0x0 0x0 0x0 0x0 oops 3 15 java/util/zip/ZipCoder 38 java/util/zip/ZipCoder 56 java/util/zip/ZipEntry
ciMethodData java/util/zip/ZipEntry <init> ()V 2 1649 orig 204 40 6 13 183 184 58 4 100 224 0 0 0 0 0 0 0 0 0 0 0 0 0 0 0 0 0 0 0 0 0 0 0 0 0 0 0 0 0 0 0 0 0 0 0 0 0 0 0 77 68 79 32 101 120 116 114 97 32 100 97 116 97 32 108 111 99 107 0 0 0 0 0 0 0 0 0 0 0 0 0 0 0 0 0 0 0 0 0 0 0 0 0 0 0 0 0 0 0 0 0 0 0 0 0 0 0 0 0 0 0 0 0 0 0 0 0 0 0 0 0 0 0 0 0 0 0 0 0 0 0 0 0 0 0 0 0 0 0 0 0 0 0 0 0 0 0 0 0 0 0 0 0 0 0 0 0 0 0 0 0 0 2 0 0 137 35 0 0 1 0 0 0 0 0 0 0 0 0 0 0 2 0 0 0 0 0 3 0 2 0 0 0 8 0 0 0 255 255 255 255 2 0 1 0 data 2 0x10002 0x471 oops 0
ciMethodData java/util/zip/ZipEntry setExtra0 ([BZ)V 2 1927 orig 204 40 6 13 183 200 68 4 100 0 3 0 0 32 0 0 0 0 0 0 0 0 0 0 0 0 0 0 0 0 0 0 0 0 0 0 0 0 0 0 0 0 0 0 0 0 0 0 0 77 68 79 32 101 120 116 114 97 32 100 97 116 97 32 108 111 99 107 0 0 0 0 0 0 0 0 0 0 0 0 0 0 0 0 0 0 0 0 0 0 0 0 0 0 0 0 0 0 0 0 0 0 0 0 0 0 0 0 0 0 0 0 0 0 0 0 0 0 0 0 0 0 0 0 0 0 0 0 0 0 0 0 0 0 0 0 0 0 0 0 0 0 0 0 0 0 0 0 0 0 0 0 0 0 0 0 0 0 0 0 0 0 2 0 0 57 44 0 0 1 0 0 0 0 0 0 0 0 0 0 0 2 0 0 0 1 0 42 0 2 0 0 0 12 2 0 0 255 255 255 255 7 0 1 0 data 131 0x10007 0x587 0x20c 0x0 0x80007 0x0 0x18 0x0 0x110002 0x0 0x200007 0x0 0x1e4 0x0 0x250002 0x0 0x2e0002 0x0 0x3c0007 0x0 0x1c 0x0 0x3f0003 0x0 0x1b4 0x440008 0x8 0x0 0x19c 0x0 0x28 0x0 0x64 0x0 0xf8 0x690007 0x0 0x174 0x0 0x700007 0x0 0x164 0x0 0x760002 0x0 0x820002 0x0 0x880003 0x0 0x144 0x8f0007 0x0 0x1c 0x0 0x920003 0x0 0x128 0x9d0002 0x0 0xa10007 0x0 0x114 0x0 0xa90002 0x0 0xae0007 0x0 0x1c 0x0 0xb10003 0x0 0xec 0xba0002 0x0 0xbd0002 0x0 0xca0002 0x0 0xcd0002 0x0 0xda0002 0x0 0xdd0002 0x0 0xe30003 0x0 0xb0 0xe90002 0x0 0xf50007 0x0 0x30 0x0 0xfe0007 0x0 0x20 0x0 0x1070002 0x0 0x10a0002 0x0 0x1170007 0x0 0x30 0x0 0x1200007 0x0 0x20 0x0 0x1290002 0x0 0x12c0002 0x0 0x1390007 0x0 0x3c 0x0 0x1420007 0x0 0x2c 0x0 0x14b0002 0x0 0x14e0002 0x0 0x1570003 0x0 0xc 0x15f0003 0x0 0xfffffe28 oops 0
ciMethodData java/io/InputStream <init> ()V 2 15199 orig 204 40 6 13 183 248 77 241 99 224 0 0 0 0 0 0 0 0 0 0 0 0 0 0 0 0 0 0 0 0 0 0 0 0 0 0 0 0 0 0 0 0 0 0 0 0 0 0 0 77 68 79 32 101 120 116 114 97 32 100 97 116 97 32 108 111 99 107 0 0 0 0 0 0 0 0 0 0 0 0 0 0 0 0 0 0 0 0 0 0 0 0 0 0 0 0 0 0 0 0 0 0 0 0 0 0 0 0 0 0 0 0 0 0 0 0 0 0 0 0 0 0 0 0 0 0 0 0 0 0 0 0 0 0 0 0 0 0 0 0 0 0 0 0 0 0 0 0 0 0 0 0 0 0 0 0 0 0 0 0 0 0 2 0 0 249 202 1 0 1 0 0 0 0 0 0 0 0 0 0 0 2 0 0 0 0 0 3 0 2 0 0 0 8 0 0 0 255 255 255 255 2 0 1 0 data 2 0x10002 0x395f oops 0
ciMethodData java/util/HashSet contains (Ljava/lang/Object;)Z 2 10177 orig 204 40 6 13 183 48 95 0 100 8 1 0 0 0 0 0 0 0 0 0 0 0 0 0 0 0 0 0 0 0 0 0 0 0 0 0 0 0 0 0 0 0 0 0 0 0 0 0 0 77 68 79 32 101 120 116 114 97 32 100 97 116 97 32 108 111 99 107 0 0 0 0 0 0 0 0 0 0 0 0 0 0 0 0 0 0 0 0 0 0 0 0 0 0 0 0 0 0 0 0 0 0 0 0 0 0 0 0 0 0 0 0 0 0 0 0 0 0 0 0 0 0 0 0 0 0 0 0 0 0 0 0 0 0 0 0 0 0 0 0 0 0 0 0 0 0 0 0 0 0 0 0 0 0 0 0 0 0 0 0 0 153 1 0 0 65 49 1 0 1 0 0 0 0 0 0 0 0 0 0 0 2 0 0 0 0 0 11 0 2 0 0 0 24 0 0 0 255 255 255 255 5 0 5 0 data 6 0x50005 0x0 0x62f35b28 0x2628 0x0 0x0 oops 1 2 java/util/HashMap
ciMethodData java/util/WeakHashMap getTable ()[Ljava/util/WeakHashMap$Entry; 2 3023 orig 204 40 6 13 183 128 157 247 99 224 0 0 0 0 0 0 0 0 0 0 0 0 0 0 0 0 0 0 0 0 0 0 0 0 0 0 0 0 0 0 0 0 0 0 0 0 0 0 0 77 68 79 32 101 120 116 114 97 32 100 97 116 97 32 108 111 99 107 0 0 0 0 0 0 0 0 0 0 0 0 0 0 0 0 0 0 0 0 0 0 0 0 0 0 0 0 0 0 0 0 0 0 0 0 0 0 0 0 0 0 0 0 0 0 0 0 0 0 0 0 0 0 0 0 0 0 0 0 0 0 0 0 0 0 0 0 0 0 0 0 0 0 0 0 0 0 0 0 0 0 0 0 0 0 0 0 0 0 0 0 0 0 2 0 0 121 78 0 0 1 0 0 0 0 0 0 0 0 0 0 0 2 0 0 0 0 0 3 0 2 0 0 0 8 0 0 0 255 255 255 255 2 0 1 0 data 2 0x10002 0x9cf oops 0
ciMethodData java/util/WeakHashMap expungeStaleEntries ()V 2 3024 orig 204 40 6 13 183 16 157 247 99 184 1 0 0 192 0 0 0 0 0 0 0 0 0 0 0 0 0 0 0 0 0 0 0 0 0 0 0 0 0 0 0 0 0 0 0 0 0 0 0 77 68 79 32 101 120 116 114 97 32 100 97 116 97 32 108 111 99 107 0 0 0 0 0 0 0 0 0 0 0 0 0 0 0 0 0 0 0 0 0 0 0 0 0 0 0 0 0 0 0 0 0 0 0 0 0 0 0 0 0 0 0 0 0 0 0 0 0 0 0 0 0 0 0 0 0 0 0 0 0 0 0 0 0 0 0 0 0 0 0 0 0 0 0 0 0 0 0 0 0 0 0 0 0 0 0 0 0 0 0 0 0 0 2 0 0 129 78 0 0 1 0 0 0 0 0 0 0 0 0 0 0 2 0 0 0 2 0 26 0 2 0 0 0 204 0 0 0 255 255 255 255 5 0 4 0 data 51 0x40005 0x0 0x62e2af30 0x9d0 0x0 0x0 0x90007 0x9d0 0xb4 0x0 0x140004 0x0 0x0 0x0 0x0 0x0 0x210002 0x0 0x350007 0x0 0x6c 0x0 0x420007 0x0 0x50 0x0 0x480007 0x0 0x34 0x0 0x530004 0x0 0x0 0x0 0x0 0x0 0x540003 0x0 0xc 0x6d0003 0x0 0x18 0x780003 0x0 0xffffffa0 0x7d0003 0x0 0xc 0x870003 0x0 0xffffff40 oops 1 2 java/lang/ref/ReferenceQueue
ciMethodData java/util/WeakHashMap indexFor (II)I 2 3026 orig 204 40 6 13 183 0 156 247 99 220 0 0 0 0 0 0 0 0 0 0 0 0 0 0 0 0 0 0 0 0 0 0 0 0 0 0 0 0 0 0 0 0 0 0 0 0 0 0 0 77 68 79 32 101 120 116 114 97 32 100 97 116 97 32 108 111 99 107 0 0 0 0 0 0 0 0 0 0 0 0 0 0 0 0 0 0 0 0 0 0 0 0 0 0 0 0 0 0 0 0 0 0 0 0 0 0 0 0 0 0 0 0 0 0 0 0 0 0 0 0 0 0 0 0 0 0 0 0 0 0 0 0 0 0 0 0 0 0 0 0 0 0 0 0 0 0 0 0 0 0 0 0 0 0 0 0 0 0 0 0 0 0 2 0 0 145 78 0 0 1 0 0 0 0 0 0 0 0 0 0 0 2 0 0 0 0 0 3 0 1 0 0 0 0 0 0 0 255 255 255 255 0 0 0 0 data 0 oops 0
ciMethodData java/io/FilterInputStream <init> (Ljava/io/InputStream;)V 2 7616 orig 204 40 6 13 183 248 224 249 99 228 0 0 0 0 0 0 0 0 0 0 0 0 0 0 0 0 0 0 0 0 0 0 0 0 0 0 0 0 0 0 0 0 0 0 0 0 0 0 0 77 68 79 32 101 120 116 114 97 32 100 97 116 97 32 108 111 99 107 0 0 0 0 0 0 0 0 0 0 0 0 0 0 0 0 0 0 0 0 0 0 0 0 0 0 0 0 0 0 0 0 0 0 0 0 0 0 0 0 0 0 0 0 0 0 0 0 0 0 0 0 0 0 0 0 0 0 0 0 0 0 0 0 0 0 0 0 0 0 0 0 0 0 0 0 0 0 0 0 0 0 0 0 0 0 0 0 0 0 0 0 0 0 2 0 0 1 222 0 0 1 0 0 0 0 0 0 0 0 0 0 0 2 0 0 0 0 0 3 0 2 0 0 0 8 0 0 0 255 255 255 255 2 0 1 0 data 2 0x10002 0x1bc0 oops 0
ciMethodData java/util/ArrayList iterator ()Ljava/util/Iterator; 2 8107 orig 204 40 6 13 183 88 206 244 99 224 0 0 0 0 0 0 0 0 0 0 0 0 0 0 0 0 0 0 0 0 0 0 0 0 0 0 0 0 0 0 0 0 0 0 0 0 0 0 0 77 68 79 32 101 120 116 114 97 32 100 97 116 97 32 108 111 99 107 0 0 0 0 0 0 0 0 0 0 0 0 0 0 0 0 0 0 0 0 0 0 0 0 0 0 0 0 0 0 0 0 0 0 0 0 0 0 0 0 0 0 0 0 0 0 0 0 0 0 0 0 0 0 0 0 0 0 0 0 0 0 0 0 0 0 0 0 0 0 0 0 0 0 0 0 0 0 0 0 0 0 0 0 0 0 0 0 0 0 0 0 0 0 2 0 0 89 237 0 0 1 0 0 0 0 0 0 0 0 0 0 0 2 0 0 0 0 0 3 0 2 0 0 0 8 0 0 0 255 255 255 255 2 0 6 0 data 2 0x60002 0x1dab oops 0
ciMethodData java/util/ArrayList$Itr <init> (Ljava/util/ArrayList;Ljava/util/ArrayList$1;)V 2 11531 orig 204 40 6 13 183 128 22 8 100 232 0 0 0 0 0 0 0 0 0 0 0 0 0 0 0 0 0 0 0 0 0 0 0 0 0 0 0 0 0 0 0 0 0 0 0 0 0 0 0 77 68 79 32 101 120 116 114 97 32 100 97 116 97 32 108 111 99 107 0 0 0 0 0 0 0 0 0 0 0 0 0 0 0 0 0 0 0 0 0 0 0 0 0 0 0 0 0 0 0 0 0 0 0 0 0 0 0 0 0 0 0 0 0 0 0 0 0 0 0 0 0 0 0 0 0 0 0 0 0 0 0 0 0 0 0 0 0 0 0 0 0 0 0 0 0 1 0 0 0 4 0 0 0 5 0 0 0 0 0 0 0 0 2 0 0 89 88 1 0 1 0 0 0 0 0 0 0 0 0 0 0 2 0 0 0 0 0 3 0 2 0 0 0 8 0 0 0 255 255 255 255 2 0 2 0 data 2 0x20002 0x2b0b oops 0
ciMethodData java/util/ArrayList$Itr next ()Ljava/lang/Object; 2 8112 orig 204 40 6 13 183 24 20 8 100 60 1 0 0 48 0 0 0 0 0 0 0 0 0 0 0 0 0 0 0 0 0 0 0 0 0 0 0 0 0 0 0 0 0 0 0 0 0 0 0 77 68 79 32 101 120 116 114 97 32 100 97 116 97 32 108 111 99 107 0 0 0 0 0 0 0 0 0 0 0 0 0 0 0 0 0 0 0 0 0 0 0 0 0 0 0 0 0 0 0 0 0 0 0 0 0 0 0 0 0 0 0 0 0 0 0 0 0 0 0 0 0 0 0 0 0 0 0 0 0 0 0 0 0 0 0 0 0 0 0 0 0 0 0 0 0 0 0 0 0 0 0 0 0 0 0 0 0 0 0 0 0 0 2 0 0 129 237 0 0 1 0 0 0 0 0 0 0 0 0 0 0 2 0 0 0 0 0 10 0 2 0 0 0 80 0 0 0 255 255 255 255 5 0 1 0 data 20 0x10005 0x235 0x667773c8 0x1b7b 0x0 0x0 0xe0002 0x1db0 0x110007 0x1db0 0x18 0x0 0x180002 0x0 0x270007 0x1db0 0x18 0x0 0x2e0002 0x0 oops 1 2 java/util/ArrayList$Itr
ciMethodData java/util/ArrayList$Itr checkForComodification ()V 2 8112 orig 204 40 6 13 183 24 22 8 100 240 0 0 0 0 0 0 0 0 0 0 0 0 0 0 0 0 0 0 0 0 0 0 0 0 0 0 0 0 0 0 0 0 0 0 0 0 0 0 0 77 68 79 32 101 120 116 114 97 32 100 97 116 97 32 108 111 99 107 0 0 0 0 0 0 0 0 0 0 0 0 0 0 0 0 0 0 0 0 0 0 0 0 0 0 0 0 0 0 0 0 0 0 0 0 0 0 0 0 0 0 0 0 0 0 0 0 0 0 0 0 0 0 0 0 0 0 0 0 0 0 0 0 0 0 0 0 0 0 0 0 0 0 0 0 0 0 0 0 0 0 0 0 0 0 0 0 0 0 0 0 0 0 2 0 0 129 237 0 0 1 0 0 0 0 0 0 0 0 0 0 0 2 0 0 0 0 0 5 0 2 0 0 0 24 0 0 0 255 255 255 255 7 0 11 0 data 6 0xb0007 0x1db0 0x18 0x0 0x120002 0x0 oops 0
ciMethodData java/io/ByteArrayOutputStream reset ()V 1 886 orig 204 40 6 13 183 56 59 5 100 216 0 0 0 0 0 0 0 0 0 0 0 0 0 0 0 0 0 0 0 0 0 0 0 0 0 0 0 0 0 0 0 0 0 0 0 0 0 0 0 77 68 79 32 101 120 116 114 97 32 100 97 116 97 32 108 111 99 107 0 0 0 0 0 0 0 0 0 0 0 0 0 0 0 0 0 0 0 0 0 0 0 0 0 0 0 0 0 0 0 0 0 0 0 0 0 0 0 0 0 0 0 0 0 0 0 0 0 0 0 0 0 0 0 0 0 0 0 0 0 0 0 0 0 0 0 0 0 0 0 0 0 0 0 0 0 0 0 0 0 0 0 0 0 0 0 0 0 0 0 0 0 97 0 0 0 169 24 0 0 1 0 0 0 0 0 0 0 0 0 0 0 2 0 0 0 0 0 0 0 0 0 0 0 0 0 0 0 255 255 255 255 0 0 0 0 data 0 oops 0
ciMethodData java/util/zip/ZipEntry isDirectory ()Z 1 881 orig 204 40 6 13 183 104 70 4 100 4 1 0 0 0 0 0 0 0 0 0 0 0 0 0 0 0 0 0 0 0 0 0 0 0 0 0 0 0 0 0 0 0 0 0 0 0 0 0 0 77 68 79 32 101 120 116 114 97 32 100 97 116 97 32 108 111 99 107 0 0 0 0 0 0 0 0 0 0 0 0 0 0 0 0 0 0 0 0 0 0 0 0 0 0 0 0 0 0 0 0 0 0 0 0 0 0 0 0 0 0 0 0 0 0 0 0 0 0 0 0 0 0 0 0 0 0 0 0 0 0 0 0 0 0 0 0 0 0 0 0 0 0 0 0 0 0 0 0 0 0 0 0 0 0 0 0 0 0 0 0 0 131 0 0 0 113 23 0 0 1 0 0 0 0 0 0 0 0 0 0 0 2 0 0 0 0 0 0 0 0 0 0 0 24 0 0 0 255 255 255 255 5 0 6 0 data 6 0x60005 0x2 0xb652e900 0x2ec 0x0 0x0 oops 1 2 java/lang/String
ciMethodData java/util/WeakHashMap remove (Ljava/lang/Object;)Ljava/lang/Object; 2 2006 orig 204 40 6 13 183 232 164 247 99 176 1 0 0 40 0 0 0 0 0 0 0 0 0 0 0 0 0 0 0 0 0 0 0 0 0 0 0 0 0 0 0 0 0 0 0 0 0 0 0 77 68 79 32 101 120 116 114 97 32 100 97 116 97 32 108 111 99 107 0 0 0 0 0 0 0 0 0 0 0 0 0 0 0 0 0 0 0 0 0 0 0 0 0 0 0 0 0 0 0 0 0 0 0 0 0 0 0 0 0 0 0 0 0 0 0 0 0 0 0 0 0 0 0 0 0 0 0 0 0 0 0 0 0 0 0 0 0 0 0 0 0 0 0 0 0 0 0 0 0 0 0 0 0 0 0 0 0 0 0 0 0 0 2 0 0 177 46 0 0 105 1 0 0 0 0 0 0 0 0 0 0 2 0 0 0 1 0 25 0 2 0 0 0 192 0 0 0 255 255 255 255 2 0 1 0 data 48 0x10002 0x5d6 0x70005 0x86 0x62ee2ff0 0x550 0x0 0x0 0xc0002 0x5d6 0x150002 0x5d6 0x270007 0x2eb 0x90 0x318 0x370007 0x2d 0x74 0x2eb 0x3d0005 0x0 0x62b3e7b8 0x2eb 0x0 0x0 0x400002 0x2eb 0x430007 0x0 0x44 0x2eb 0x5e0007 0x0 0x34 0x2eb 0x670104 0x0 0x0 0x0 0x0 0x0 0x680003 0x2eb 0xc 0x800003 0x2d 0xffffff7c oops 2 4 java/util/WeakHashMap 22 java/util/WeakHashMap$Entry
ciMethodData java/util/zip/ZipFile$ZipFileInflaterInputStream close ()V 2 2488 orig 204 40 6 13 183 176 133 4 100 104 1 0 0 88 0 0 0 0 0 0 0 0 0 0 0 0 0 0 0 0 0 0 0 0 0 0 0 0 0 0 0 0 0 0 0 0 0 0 0 77 68 79 32 101 120 116 114 97 32 100 97 116 97 32 108 111 99 107 0 0 0 0 0 0 0 0 0 0 0 0 0 0 0 0 0 0 0 0 0 0 0 0 0 0 0 0 0 0 0 0 0 0 0 0 0 0 0 0 0 0 0 0 0 0 0 0 0 0 0 0 0 0 0 0 0 0 0 0 0 0 0 0 0 0 0 0 0 0 0 0 0 0 0 0 0 0 0 0 0 0 0 0 0 0 0 0 0 0 0 0 0 0 2 0 0 193 61 0 0 1 0 0 0 0 0 0 0 0 0 0 0 2 0 0 0 0 0 20 0 2 0 0 0 124 0 0 0 255 255 255 255 7 0 4 0 data 31 0x40007 0x2b1 0x10 0x507 0xe0002 0x2b1 0x150002 0x2b1 0x1f0002 0x2b1 0x230005 0x0 0x62ee2ff0 0x2b1 0x0 0x0 0x280004 0x0 0x62d07118 0x2b1 0x0 0x0 0x2e0003 0x2b1 0xc 0x370007 0x0 0x18 0x2b1 0x3f0002 0x2b1 oops 2 12 java/util/WeakHashMap 18 java/util/zip/Inflater
ciMethodData java/util/WeakHashMap eq (Ljava/lang/Object;Ljava/lang/Object;)Z 1 1011 orig 204 40 6 13 183 24 155 247 99 52 1 0 0 40 0 0 0 0 0 0 0 0 0 0 0 0 0 0 0 0 0 0 0 0 0 0 0 0 0 0 0 0 0 0 0 0 0 0 0 77 68 79 32 101 120 116 114 97 32 100 97 116 97 32 108 111 99 107 0 0 0 0 0 0 0 0 0 0 0 0 0 0 0 0 0 0 0 0 0 0 0 0 0 0 0 0 0 0 0 0 0 0 0 0 0 0 0 0 0 0 0 0 0 0 0 0 0 0 0 0 0 0 0 0 0 0 0 0 0 0 0 0 0 0 0 0 0 0 0 0 0 0 0 0 0 0 0 0 0 0 0 0 0 0 0 0 0 0 0 0 0 70 1 0 0 105 21 0 0 1 0 0 0 0 0 0 0 0 0 0 0 2 0 0 0 0 0 0 0 0 0 0 0 68 0 0 0 255 255 255 255 7 0 2 0 data 17 0x20007 0x2ad 0x38 0x0 0x70005 0x0 0x0 0x0 0x0 0x0 0xa0007 0x0 0x1c 0x0 0xe0003 0x2ad 0xc oops 0
ciMethodData java/util/zip/InflaterInputStream close ()V 1 1003 orig 204 40 6 13 183 32 145 4 100 60 1 0 0 32 0 0 0 0 0 0 0 0 0 0 0 0 0 0 0 0 0 0 0 0 0 0 0 0 0 0 0 0 0 0 0 0 0 0 0 77 68 79 32 101 120 116 114 97 32 100 97 116 97 32 108 111 99 107 0 0 0 0 0 0 0 0 0 0 0 0 0 0 0 0 0 0 0 0 0 0 0 0 0 0 0 0 0 0 0 0 0 0 0 0 0 0 0 0 0 0 0 0 0 0 0 0 0 0 0 0 0 0 0 0 0 0 0 0 0 0 0 0 0 0 0 0 0 0 0 0 0 0 0 0 0 0 0 0 0 0 0 0 0 0 0 0 0 0 0 0 0 69 1 0 0 49 21 0 0 1 0 0 0 0 0 0 0 0 0 0 0 2 0 0 0 0 0 0 0 0 0 0 0 80 0 0 0 255 255 255 255 7 0 4 0 data 20 0x40007 0x0 0x50 0x2a6 0xb0007 0x2a6 0x28 0x0 0x120005 0x0 0x0 0x0 0x0 0x0 0x190005 0x0 0x62d05cb0 0x2a6 0x0 0x0 oops 1 16 java/util/zip/ZipFile$ZipFileInputStream
ciMethodData java/util/zip/Inflater end ()V 1 0 orig 204 40 6 13 183 48 117 4 100 64 1 0 0 64 0 0 0 0 0 0 0 0 0 0 0 0 0 0 0 0 0 0 0 0 0 0 0 0 0 0 0 0 0 0 0 0 0 0 0 77 68 79 32 101 120 116 114 97 32 100 97 116 97 32 108 111 99 107 0 0 0 0 0 0 0 0 0 0 0 0 0 0 0 0 0 0 0 0 0 0 0 0 0 0 0 0 0 0 0 0 0 0 0 0 0 0 0 0 0 0 0 0 0 0 0 0 0 0 0 0 0 0 0 0 0 0 0 0 0 0 0 0 0 0 0 0 0 0 0 0 0 0 0 0 0 17 0 0 0 0 0 0 0 0 0 0 0 0 0 0 0 0 0 0 0 1 0 0 0 1 0 0 0 0 0 0 0 0 0 0 0 2 0 0 0 0 0 0 0 0 0 0 0 84 0 0 0 255 255 255 255 5 0 11 0 data 21 0xb0005 0x0 0x0 0x0 0x0 0x0 0x130005 0x0 0x0 0x0 0x0 0x0 0x190007 0x0 0x18 0x0 0x1d0002 0x0 0x270003 0x0 0xc oops 0
ciMethodData java/util/zip/ZipFile access$100 (Ljava/util/zip/ZipFile;Ljava/util/zip/Inflater;)V 1 1005 orig 204 40 6 13 183 240 124 2 100 228 0 0 0 0 0 0 0 0 0 0 0 0 0 0 0 0 0 0 0 0 0 0 0 0 0 0 0 0 0 0 0 0 0 0 0 0 0 0 0 77 68 79 32 101 120 116 114 97 32 100 97 116 97 32 108 111 99 107 0 0 0 0 0 0 0 0 0 0 0 0 0 0 0 0 0 0 0 0 0 0 0 0 0 0 0 0 0 0 0 0 0 0 0 0 0 0 0 0 0 0 0 0 0 0 0 0 0 0 0 0 0 0 0 0 0 0 0 0 0 0 0 0 0 0 0 0 0 0 0 0 0 0 0 0 0 0 0 0 0 0 0 0 0 0 0 0 0 0 0 0 0 69 1 0 0 65 21 0 0 1 0 0 0 0 0 0 0 0 0 0 0 2 0 0 0 0 0 0 0 0 0 0 0 8 0 0 0 255 255 255 255 2 0 2 0 data 2 0x20002 0x2a8 oops 0
ciMethodData java/util/zip/ZipFile releaseInflater (Ljava/util/zip/Inflater;)V 1 1242 orig 204 40 6 13 183 0 112 2 100 84 1 0 0 0 0 0 0 0 0 0 0 0 0 0 0 0 0 0 0 0 0 0 0 0 0 0 0 0 0 0 0 0 0 0 0 0 0 0 0 77 68 79 32 101 120 116 114 97 32 100 97 116 97 32 108 111 99 107 0 0 0 0 0 0 0 0 0 0 0 0 0 0 0 0 0 0 0 0 0 0 0 0 0 0 0 0 0 0 0 0 0 0 0 0 0 0 0 0 0 0 0 0 0 0 0 0 0 0 0 0 0 0 0 0 0 0 0 0 0 0 0 0 0 0 0 0 0 0 0 0 0 0 0 0 0 17 0 0 0 0 0 0 0 0 0 0 0 0 0 0 0 69 1 0 0 169 28 0 0 1 0 0 0 0 0 0 0 0 0 0 0 2 0 0 0 0 0 18 0 2 0 0 0 100 0 0 0 255 255 255 255 5 0 2 0 data 25 0x20005 0x0 0x62d07118 0x395 0x0 0x0 0x50007 0x0 0x4c 0x395 0x90005 0x0 0x62d07118 0x395 0x0 0x0 0x180005 0x0 0x62b17e78 0x395 0x0 0x0 0x200003 0x395 0xc oops 3 2 java/util/zip/Inflater 12 java/util/zip/Inflater 18 java/util/ArrayDeque
ciMethodData java/io/ByteArrayOutputStream toByteArray ()[B 1 886 orig 204 40 6 13 183 168 59 5 100 244 0 0 0 0 0 0 0 0 0 0 0 0 0 0 0 0 0 0 0 0 0 0 0 0 0 0 0 0 0 0 0 0 0 0 0 0 0 0 0 77 68 79 32 101 120 116 114 97 32 100 97 116 97 32 108 111 99 107 0 0 0 0 0 0 0 0 0 0 0 0 0 0 0 0 0 0 0 0 0 0 0 0 0 0 0 0 0 0 0 0 0 0 0 0 0 0 0 0 0 0 0 0 0 0 0 0 0 0 0 0 0 0 0 0 0 0 0 0 0 0 0 0 0 0 0 0 0 0 0 0 0 0 0 0 0 0 0 0 0 0 0 0 0 0 0 0 0 0 0 0 0 7 1 0 0 121 19 0 0 1 0 0 0 0 0 0 0 0 0 0 0 2 0 0 0 0 0 8 0 2 0 0 0 8 0 0 0 255 255 255 255 2 0 8 0 data 2 0x80002 0x26f oops 0
ciMethodData java/util/zip/ZipFile getInputStream (Ljava/util/zip/ZipEntry;)Ljava/io/InputStream; 1 996 orig 204 40 6 13 183 168 110 2 100 92 2 0 0 88 1 0 0 0 0 0 0 0 0 0 0 0 0 0 0 0 0 0 0 0 0 0 0 0 0 0 0 0 0 0 0 0 0 0 0 77 68 79 32 101 120 116 114 97 32 100 97 116 97 32 108 111 99 107 0 0 0 0 0 0 0 0 0 0 0 0 0 0 0 0 0 0 0 0 0 0 0 0 0 0 0 0 0 0 0 0 0 0 0 0 0 0 0 0 0 0 0 0 0 0 0 0 0 0 0 0 0 0 0 0 0 0 0 0 0 0 0 0 0 0 0 0 0 0 0 0 0 0 0 0 0 0 0 0 0 0 0 0 0 0 0 0 0 0 0 0 0 160 1 0 0 33 18 0 0 1 0 0 0 0 0 0 0 0 0 0 0 2 0 0 0 0 0 38 0 2 0 0 0 108 1 0 0 255 255 255 255 7 0 1 0 data 91 0x10007 0x244 0x18 0x0 0xa0002 0x0 0x190002 0x244 0x200005 0x2 0x62e7dcb0 0x242 0x0 0x0 0x230007 0x244 0x4c 0x0 0x2e0007 0x0 0x3c 0x0 0x3d0005 0x0 0x0 0x0 0x0 0x0 0x410002 0x0 0x450003 0x0 0x2c 0x540005 0x2 0x62e7dcb0 0x242 0x0 0x0 0x580002 0x244 0x5f0007 0x244 0x10 0x0 0x6d0002 0x244 0x730002 0x244 0x760008 0x6 0x0 0xa0 0x0 0x20 0x2 0x44 0x9f0005 0x0 0x0 0x0 0x0 0x0 0xa80003 0x0 0xc 0xba0002 0x244 0xc90007 0x243 0x10 0x1 0xd50007 0x244 0x10 0x0 0xde0002 0x244 0xef0002 0x244 0x1040005 0x0 0x62ee2ff0 0x244 0x0 0x0 0x10d0003 0x244 0xc 0x1240002 0x0 oops 3 10 java/util/zip/ZipCoder 35 java/util/zip/ZipCoder 82 java/util/WeakHashMap
ciMethodData java/util/zip/ZipCoder getBytesUTF8 (Ljava/lang/String;)[B 1 0 orig 204 40 6 13 183 176 83 3 100 72 1 0 0 56 0 0 0 0 0 0 0 0 0 0 0 0 0 0 0 0 0 0 0 0 0 0 0 0 0 0 0 0 0 0 0 0 0 0 0 77 68 79 32 101 120 116 114 97 32 100 97 116 97 32 108 111 99 107 0 0 0 0 0 0 0 0 0 0 0 0 0 0 0 0 0 0 0 0 0 0 0 0 0 0 0 0 0 0 0 0 0 0 0 0 0 0 0 0 0 0 0 0 0 0 0 0 0 0 0 0 0 0 0 0 0 0 0 0 0 0 0 0 0 0 0 0 0 0 0 0 0 0 0 0 0 25 0 0 0 0 0 0 0 0 0 0 0 0 0 0 0 0 0 0 0 1 0 0 0 1 0 0 0 0 0 0 0 0 0 0 0 2 0 0 0 0 0 0 0 0 0 0 0 88 0 0 0 255 255 255 255 7 0 4 0 data 22 0x40007 0x0 0x28 0x0 0x90005 0x0 0x0 0x0 0x0 0x0 0x110007 0x0 0x18 0x0 0x1c0002 0x0 0x270005 0x0 0x0 0x0 0x0 0x0 oops 0
ciMethodData java/util/zip/ZipFile$ZipFileInputStream <init> (Ljava/util/zip/ZipFile;J)V 1 997 orig 204 40 6 13 183 96 94 4 100 16 1 0 0 0 0 0 0 0 0 0 0 0 0 0 0 0 0 0 0 0 0 0 0 0 0 0 0 0 0 0 0 0 0 0 0 0 0 0 0 77 68 79 32 101 120 116 114 97 32 100 97 116 97 32 108 111 99 107 0 0 0 0 0 0 0 0 0 0 0 0 0 0 0 0 0 0 0 0 0 0 0 0 0 0 0 0 0 0 0 0 0 0 0 0 0 0 0 0 0 0 0 0 0 0 0 0 0 0 0 0 0 0 0 0 0 0 0 0 0 0 0 0 0 0 0 0 0 0 0 0 0 0 0 0 0 0 0 0 0 0 0 0 0 0 0 0 0 0 0 0 0 161 1 0 0 33 18 0 0 1 0 0 0 0 0 0 0 0 0 0 0 2 0 0 0 0 0 3 0 2 0 0 0 24 0 0 0 255 255 255 255 2 0 6 0 data 6 0x60002 0x244 0x150002 0x244 0x1d0002 0x244 oops 0
ciMethodData java/util/zip/ZipFile getInflater ()Ljava/util/zip/Inflater; 1 1237 orig 204 40 6 13 183 96 111 2 100 104 1 0 0 104 0 0 0 0 0 0 0 0 0 0 0 0 0 0 0 0 0 0 0 0 0 0 0 0 0 0 0 0 0 0 0 0 0 0 0 77 68 79 32 101 120 116 114 97 32 100 97 116 97 32 108 111 99 107 0 0 0 0 0 0 0 0 0 0 0 0 0 0 0 0 0 0 0 0 0 0 0 0 0 0 0 0 0 0 0 0 0 0 0 0 0 0 0 0 0 0 0 0 0 0 0 0 0 0 0 0 0 0 0 0 0 0 0 0 0 0 0 0 0 0 0 0 0 0 0 0 0 0 0 0 0 25 0 0 0 0 0 0 0 0 0 0 0 0 0 0 0 161 1 0 0 161 25 0 0 89 21 0 0 0 0 0 0 0 0 0 0 2 0 0 0 1 0 21 0 2 0 0 0 124 0 0 0 255 255 255 255 5 0 12 0 data 31 0xc0005 0x0 0x62b17e78 0x334 0x0 0x0 0x110004 0x0 0x62d07118 0x334 0x0 0x0 0x160007 0x0 0x38 0x334 0x1b0005 0x0 0x62d07118 0x334 0x0 0x0 0x1e0007 0x0 0xffffffa8 0x334 0x270003 0x0 0xc 0x340002 0x0 oops 3 2 java/util/ArrayDeque 8 java/util/zip/Inflater 18 java/util/zip/Inflater
ciMethodData java/util/zip/ZipFile$ZipFileInflaterInputStream <init> (Ljava/util/zip/ZipFile;Ljava/util/zip/ZipFile$ZipFileInputStream;Ljava/util/zip/Inflater;I)V 1 999 orig 204 40 6 13 183 240 132 4 100 240 0 0 0 0 0 0 0 0 0 0 0 0 0 0 0 0 0 0 0 0 0 0 0 0 0 0 0 0 0 0 0 0 0 0 0 0 0 0 0 77 68 79 32 101 120 116 114 97 32 100 97 116 97 32 108 111 99 107 0 0 0 0 0 0 0 0 0 0 0 0 0 0 0 0 0 0 0 0 0 0 0 0 0 0 0 0 0 0 0 0 0 0 0 0 0 0 0 0 0 0 0 0 0 0 0 0 0 0 0 0 0 0 0 0 0 0 0 0 0 0 0 0 0 0 0 0 0 0 0 0 0 0 0 0 0 0 0 0 0 0 0 0 0 0 0 0 0 0 0 0 0 161 1 0 0 49 18 0 0 1 0 0 0 0 0 0 0 0 0 0 0 2 0 0 0 0 0 0 0 0 0 0 0 8 0 0 0 255 255 255 255 2 0 10 0 data 2 0xa0002 0x246 oops 0
ciMethodData java/util/zip/InflaterInputStream <init> (Ljava/io/InputStream;Ljava/util/zip/Inflater;I)V 1 999 orig 204 40 6 13 183 208 140 4 100 44 1 0 0 40 0 0 0 0 0 0 0 0 0 0 0 0 0 0 0 0 0 0 0 0 0 0 0 0 0 0 0 0 0 0 0 0 0 0 0 77 68 79 32 101 120 116 114 97 32 100 97 116 97 32 108 111 99 107 0 0 0 0 0 0 0 0 0 0 0 0 0 0 0 0 0 0 0 0 0 0 0 0 0 0 0 0 0 0 0 0 0 0 0 0 0 0 0 0 0 0 0 0 0 0 0 0 0 0 0 0 0 0 0 0 0 0 0 0 0 0 0 0 0 0 0 0 0 0 0 0 0 0 0 0 0 0 0 0 0 0 0 0 0 0 0 0 0 0 0 0 0 161 1 0 0 49 18 0 0 1 0 0 0 0 0 0 0 0 0 0 0 2 0 0 0 0 0 10 0 2 0 0 0 72 0 0 0 255 255 255 255 2 0 2 0 data 18 0x20002 0x246 0x250007 0x0 0x20 0x246 0x290007 0x246 0x18 0x0 0x300002 0x0 0x350007 0x246 0x18 0x0 0x3e0002 0x0 oops 0
ciMethodData java/util/zip/ZipFile access$1100 (J)J 1 997 orig 204 40 6 13 183 0 129 2 100 248 0 0 0 0 0 0 0 0 0 0 0 0 0 0 0 0 0 0 0 0 0 0 0 0 0 0 0 0 0 0 0 0 0 0 0 0 0 0 0 77 68 79 32 101 120 116 114 97 32 100 97 116 97 32 108 111 99 107 0 0 0 0 0 0 0 0 0 0 0 0 0 0 0 0 0 0 0 0 0 0 0 0 0 0 0 0 0 0 0 0 0 0 0 0 0 0 0 0 0 0 0 0 0 0 0 0 0 0 0 0 0 0 0 0 0 0 0 0 0 0 0 0 0 0 0 0 0 0 0 0 0 0 0 0 0 0 0 0 0 0 0 0 0 0 0 0 0 0 0 0 0 162 1 0 0 25 18 0 0 1 0 0 0 0 0 0 0 0 0 0 0 2 0 0 0 0 0 0 0 0 0 0 0 8 0 0 0 255 255 255 255 2 0 1 0 data 2 0x10002 0x243 oops 0
ciMethodData java/util/zip/ZipFile access$1200 (J)J 1 997 orig 204 40 6 13 183 104 129 2 100 248 0 0 0 0 0 0 0 0 0 0 0 0 0 0 0 0 0 0 0 0 0 0 0 0 0 0 0 0 0 0 0 0 0 0 0 0 0 0 0 77 68 79 32 101 120 116 114 97 32 100 97 116 97 32 108 111 99 107 0 0 0 0 0 0 0 0 0 0 0 0 0 0 0 0 0 0 0 0 0 0 0 0 0 0 0 0 0 0 0 0 0 0 0 0 0 0 0 0 0 0 0 0 0 0 0 0 0 0 0 0 0 0 0 0 0 0 0 0 0 0 0 0 0 0 0 0 0 0 0 0 0 0 0 0 0 0 0 0 0 0 0 0 0 0 0 0 0 0 0 0 0 162 1 0 0 25 18 0 0 1 0 0 0 0 0 0 0 0 0 0 0 2 0 0 0 0 0 0 0 0 0 0 0 8 0 0 0 255 255 255 255 2 0 1 0 data 2 0x10002 0x243 oops 0
ciMethodData java/io/ByteArrayOutputStream write ([BII)V 1 1185 orig 204 40 6 13 183 96 58 5 100 80 1 0 0 64 0 0 0 0 0 0 0 0 0 0 0 0 0 0 0 0 0 0 0 0 0 0 0 0 0 0 0 0 0 0 0 0 0 0 0 77 68 79 32 101 120 116 114 97 32 100 97 116 97 32 108 111 99 107 0 0 0 0 0 0 0 0 0 0 0 0 0 0 0 0 0 0 0 0 0 0 0 0 0 0 0 0 0 0 0 0 0 0 0 0 0 0 0 0 0 0 0 0 0 0 0 0 0 0 0 0 0 0 0 0 0 0 0 0 0 0 0 0 0 0 0 0 0 0 0 0 0 0 0 0 0 25 0 0 0 0 0 0 0 1 0 0 0 0 0 0 0 119 1 0 0 81 25 0 0 1 0 0 0 0 0 0 0 0 0 0 0 2 0 0 0 0 0 16 0 2 0 0 0 88 0 0 0 255 255 255 255 7 0 1 0 data 22 0x10007 0x0 0x40 0x32a 0x70007 0x0 0x30 0x32a 0xb0007 0x0 0x20 0x32a 0x140007 0x32a 0x18 0x0 0x1b0002 0x0 0x260002 0x32a 0x340002 0x32a oops 0
ciMethod com/android/multidex/ClassReferenceListBuilder addClassWithHierachy (Ljava/lang/String;)V 2345 1 10158 0 0
ciInstanceKlass com/android/multidex/ClassReferenceListBuilder 1 1 281 10 7 10 9 9 10 10 11 11 7 10 8 10 10 10 11 10 7 7 7 10 8 10 8 10 10 10 10 10 11 7 10 10 7 10 7 10 10 10 10 10 10 8 10 10 9 10 100 10 11 10 10 10 11 11 7 10 7 1 1 1 1 1 1 1 1 1 1 1 1 1 1 1 1 1 1 1 1 1 1 1 1 1 1 1 1 1 1 1 1 1 1 1 1 1 1 1 1 1 100 100 100 100 100 100 100 1 1 1 1 1 1 1 1 1 1 1 1 1 1 1 1 1 1 1 100 100 100 100 100 1 1 1 1 1 1 1 1 1 1 1 1 1 1 100 100 1 1 1 1 12 1 12 12 7 12 7 12 7 12 12 1 12 1 7 12 12 12 7 12 7 12 1 1 1 1 12 1 12 12 12 7 12 12 7 12 1 12 12 1 12 1 12 7 12 12 7 12 12 7 12 1 12 12 12 12 1 12 12 12 12 7 12 1 7 12 1 1 1 1 1 1 1 1 1 1 1 1 1 1 1 1 1 1 1 1 1 1 1 1 1 1 1 1 1 1 1 1 1 1 1 1 1 1 1 1 1 1 1 1 1 1 1 1 1 1 1 1 1 1 1 1 1 1 1 1 1 1 1 1
staticfield com/android/multidex/ClassReferenceListBuilder $assertionsDisabled Z 1
ciMethod com/android/multidex/Path readStream (Ljava/io/InputStream;Ljava/io/ByteArrayOutputStream;[B)[B 777 793 870 0 0
ciMethod com/android/multidex/Path getClass (Ljava/lang/String;)Lcom/android/dx/cf/direct/DirectClassFile; 4097 3505 8048 562 0
ciInstanceKlass com/android/multidex/Path 1 1 246 10 100 10 10 7 7 10 10 10 7 7 10 8 10 10 8 10 10 7 8 8 10 10 7 10 9 7 3 10 9 9 9 9 10 10 7 10 10 10 8 10 10 10 10 10 10 9 100 10 11 11 11 11 7 11 10 10 7 10 9 10 7 10 7 1 1 1 1 1 1 1 1 1 1 1 1 1 1 1 1 1 1 1 1 1 100 1 1 1 1 1 1 1 1 1 1 1 1 100 100 100 100 1 1 1 1 1 100 1 1 1 1 1 1 1 1 1 1 1 1 1 1 1 1 100 100 100 100 1 1 1 1 12 1 12 12 1 1 12 12 1 1 12 1 12 12 1 12 12 1 1 1 1 12 1 12 12 12 12 12 7 12 7 12 1 12 12 1 12 12 7 12 12 12 12 12 1 7 12 12 7 12 12 1 12 12 12 1 12 7 12 12 1 7 12 1 1 1 1 1 1 1 1 1 1 1 1 1 1 1 1 1 1 1 1 1 1 1 1 1 1 1 1 1 1 1 1 1 1 1 1 1 1 1 1 1 1 1 1 1 1 1 1 1 1
staticfield com/android/multidex/Path $assertionsDisabled Z 1
ciMethod com/android/multidex/ClassPathElement open (Ljava/lang/String;)Ljava/io/InputStream; 0 0 1 0 -1
ciInstanceKlass com/android/multidex/ClassPathElement 1 0 22 100 100 1 1 1 3 1 1 1 100 1 1 1 1 1 1 1 1 1 1 1
instanceKlass com/android/dx/cf/direct/StdAttributeFactory
ciInstanceKlass com/android/dx/cf/direct/AttributeFactory 1 1 158 10 100 8 10 100 8 10 10 10 10 10 11 7 100 10 8 10 10 10 11 8 10 10 10 100 8 8 8 8 10 7 10 8 7 7 1 1 1 3 1 3 1 3 1 3 1 3 1 1 1 1 1 1 1 1 1 1 1 1 1 1 1 1 1 1 1 1 1 1 1 1 1 1 100 100 100 100 100 100 100 100 100 1 1 1 1 1 100 1 1 12 1 1 12 1 1 7 12 12 7 12 12 7 12 1 1 1 12 12 12 100 12 1 100 12 12 12 1 1 1 1 1 12 1 12 1 1 1 1 1 1 1 1 1 1 1 1 1 1 1 1 1 1 1 1 1 1 1 1 1 1 1 1 1 1 1 1
ciInstanceKlass com/android/dx/cf/direct/StdAttributeFactory 1 1 561 10 8 10 8 10 8 10 8 10 8 10 8 10 8 10 8 10 8 10 8 10 8 10 8 10 8 10 8 10 8 10 8 10 8 10 10 10 7 10 10 7 10 10 10 10 10 100 10 8 10 10 10 11 8 8 10 10 7 10 10 100 10 10 10 9 7 10 8 11 11 7 10 8 8 8 8 10 10 7 10 10 10 10 10 10 7 10 11 7 7 10 8 10 7 10 7 7 10 8 8 10 8 10 7 10 8 7 10 7 10 8 8 8 8 10 10 7 10 8 7 10 10 10 10 7 10 8 10 7 10 8 7 10 10 10 7 10 10 10 10 100 100 8 10 10 9 10 7 10 9 7 10 10 7 10 100 10 7 10 8 7 10 8 7 10 100 8 10 8 8 7 10 9 7 1 1 1 1 1 1 1 1 1 1 1 1 1 1 1 1 1 1 1 1 1 1 1 1 1 1 1 1 1 1 1 1 1 1 1 1 1 1 1 1 1 1 1 1 1 1 1 1 1 1 1 1 1 100 100 100 100 100 100 100 100 100 100 100 100 1 1 1 1 1 100 100 1 1 1 1 1 100 1 1 1 1 1 1 1 1 1 1 1 1 1 100 100 1 1 1 100 1 1 1 1 1 1 1 1 1 1 1 1 1 1 7 1 1 1 100 100 100 1 1 1 1 1 1 1 1 1 1 1 1 1 1 1 1 1 1 12 1 12 1 12 12 1 12 1 12 1 12 1 12 12 1 12 1 12 12 1 12 1 12 1 12 12 12 1 12 12 12 1 12 12 1 12 7 12 12 7 12 12 1 1 12 100 12 12 100 12 1 1 12 12 1 12 12 1 12 12 12 1 12 1 12 7 12 1 12 1 1 1 1 12 12 1 12 12 12 7 12 12 1 12 12 1 1 12 1 12 1 1 1 12 1 1 12 1 12 1 12 1 1 1 12 1 1 1 1 100 12 1 12 1 1 12 12 1 12 1 12 1 12 1 1 12 12 1 12 12 1 1 1 12 7 12 12 1 12 12 1 12 1 12 1 1 12 1 1 1 1 1 1 12 1 1 1 12 1 1 1 1 1 1 1 1 1 1 1 1 1 1 1 1 1 1 1 1 1 1 1 1 1 1 1 1 1 1 1 1 1 1 1 100 1 1 1 1 1 1 1 1 1 1 1 1 1 1 1 1 1 1 1 1 1 1 1 1 1 1 1 1 1 1 1 1 1 1 1 1 1 1 1 1 1 1 1 1 1 1 1 1 1 1 1 1 1 1 1
staticfield com/android/dx/cf/direct/StdAttributeFactory THE_ONE Lcom/android/dx/cf/direct/StdAttributeFactory; com/android/dx/cf/direct/StdAttributeFactory
ciMethod com/android/multidex/ArchivePathElement open (Ljava/lang/String;)Ljava/io/InputStream; 4097 1 8136 955 0
ciInstanceKlass com/android/multidex/ArchivePathElement 1 1 91 9 10 10 7 7 10 8 10 8 10 10 10 100 10 10 10 7 10 7 7 100 1 1 1 1 1 1 1 1 1 1 1 1 1 1 1 1 1 1 1 100 1 100 1 1 1 1 1 1 1 1 1 1 1 12 12 7 12 1 1 1 12 1 12 12 7 12 1 12 12 1 12 1 1 1 1 1 1 1 1 1 1 1 1 1 1 1 1 1 1
ciInstanceKlass com/android/multidex/ArchivePathElement$DirectoryEntryException 0 0 20 10 100 100 1 1 1 1 1 1 1 1 1 1 1 12 100 1 1 1
ciMethod com/android/dx/cf/direct/DirectClassFile <init> (Lcom/android/dx/util/ByteArray;Ljava/lang/String;Z)V 777 1 886 0 0
ciMethod com/android/dx/cf/direct/DirectClassFile <init> ([BLjava/lang/String;Z)V 777 1 869 0 0
ciMethod com/android/dx/cf/direct/DirectClassFile setAttributeFactory (Lcom/android/dx/cf/direct/AttributeFactory;)V 777 1 869 0 0
ciMethod com/android/dx/cf/direct/DirectClassFile getSuperclass ()Lcom/android/dx/rop/cst/CstType; 257 1 557 0 0
ciMethod com/android/dx/cf/direct/DirectClassFile getInterfaces ()Lcom/android/dx/rop/type/TypeList; 249 1 557 0 0
ciMethod com/android/dx/cf/direct/DirectClassFile makeTypeList (II)Lcom/android/dx/rop/type/TypeList; 2337 1 1113 0 -1
ciMethod com/android/dx/cf/direct/DirectClassFile getMagic0 ()I 0 0 1 0 -1
ciMethod com/android/dx/cf/direct/DirectClassFile getMinorVersion0 ()I 0 0 1 0 -1
ciMethod com/android/dx/cf/direct/DirectClassFile getMajorVersion0 ()I 0 0 1 0 -1
ciMethod com/android/dx/cf/direct/DirectClassFile parseToInterfacesIfNecessary ()V 4097 1 36077 0 0
ciMethod com/android/dx/cf/direct/DirectClassFile parse ()V 369 1 809 0 0
ciMethod com/android/dx/cf/direct/DirectClassFile isGoodVersion (III)Z 0 0 1 0 -1
ciMethod com/android/dx/cf/direct/DirectClassFile parse0 ()V 2121 1 895 0 0
ciInstanceKlass com/android/dx/cf/direct/DirectClassFile 1 1 409 8 10 10 100 8 10 8 9 9 9 9 7 10 10 9 8 9 10 10 10 10 9 9 9 9 10 9 9 9 10 8 11 100 10 9 100 8 10 7 10 10 10 10 10 100 100 10 8 10 10 10 100 10 3 10 8 10 8 11 8 10 8 10 8 10 8 8 8 8 7 10 10 10 10 10 10 7 10 8 10 8 10 8 10 8 8 10 10 10 8 10 10 10 8 8 7 10 10 10 10 7 10 10 10 10 7 10 10 10 10 10 8 8 7 7 100 1 1 1 1 1 1 3 1 3 1 3 1 1 1 1 1 1 1 1 1 1 1 1 1 1 1 1 1 1 1 1 1 1 1 1 1 1 1 1 1 1 1 1 1 1 1 1 100 100 100 1 1 1 1 1 1 1 1 1 1 1 1 1 1 1 1 1 1 1 1 1 1 1 1 1 1 1 1 1 1 1 1 1 1 100 100 1 1 1 1 1 1 1 1 1 1 1 1 1 1 1 100 100 1 1 1 1 1 1 1 1 1 1 1 1 1 1 1 1 1 1 100 100 100 100 1 1 1 12 12 1 1 12 1 12 12 12 12 1 12 12 12 1 12 12 12 12 12 12 12 12 12 12 12 12 12 12 100 12 1 12 7 12 1 1 1 12 12 12 12 12 1 1 1 12 12 1 12 12 1 12 1 100 12 1 100 12 1 12 1 12 1 1 1 1 1 12 12 12 7 12 12 12 1 12 1 100 12 1 12 1 12 1 1 12 12 100 12 1 100 12 12 12 1 1 1 12 12 1 12 1 12 12 7 1 1 1 1 1 1 1 1 1 1 1 1 1 1 1 1 1 1 1 1 1 1 1 1 1 1 1 1 1 1 1 1 1 1 1 1 1 1 1 1 1 1 1 1 1 1 1 1 1 1 1 1 1 1 1 1 1 1
ciInstanceKlass com/android/dx/cf/iface/ParseException 0 0 26 10 10 10 100 100 1 1 1 1 1 1 1 1 1 1 1 1 1 1 1 12 12 12 1 1
ciInstanceKlass com/android/dx/cf/iface/FieldList 1 0 13 100 100 1 1 1 1 1 1 1 1 1 1
ciInstanceKlass com/android/dx/cf/iface/MethodList 1 0 13 100 100 1 1 1 1 1 1 1 1 1 1
ciMethod com/android/dx/rop/type/TypeList size ()I 0 0 1 0 -1
ciMethod com/android/dx/rop/type/TypeList getType (I)Lcom/android/dx/rop/type/Type; 0 0 1 0 -1
ciInstanceKlass com/android/dx/rop/type/TypeList 1 0 16 100 100 1 1 1 1 1 1 1 1 1 1 1 1 1
ciMethod com/android/dx/util/ByteArray <init> ([BII)V 2497 1 8752 0 212
ciMethod com/android/dx/util/ByteArray <init> ([B)V 801 1 889 0 0
ciMethod com/android/dx/util/ByteArray size ()I 1681 1 210 0 -1
ciMethod com/android/dx/util/ByteArray getUnsignedShort (I)I 2361 1 248839 0 -1
ciInstanceKlass com/android/dx/util/ByteArray 1 1 149 9 9 10 9 10 100 8 10 100 8 10 8 8 10 10 7 8 10 5 0 100 8 10 10 100 10 8 10 10 8 8 10 7 10 10 7 10 7 1 1 1 100 1 1 1 1 1 1 1 1 1 1 1 1 1 1 1 100 100 1 1 1 1 1 1 1 1 1 1 1 1 1 1 1 1 1 1 1 1 1 1 1 1 1 1 1 1 1 1 1 1 1 1 1 1 1 1 1 1 1 1 12 12 12 12 12 1 1 12 1 1 1 1 12 12 1 1 12 1 1 100 12 1 1 12 12 1 1 12 1 12 12 1 12 1 1 1 1 1 1 1 1 1 1 1 1 1 1
ciMethod com/android/dx/cf/cst/ConstantPoolParser <init> (Lcom/android/dx/util/ByteArray;)V 2169 1 895 0 -1
ciMethod com/android/dx/cf/cst/ConstantPoolParser setObserver (Lcom/android/dx/cf/iface/ParseObserver;)V 2169 1 895 0 -1
ciMethod com/android/dx/cf/cst/ConstantPoolParser getEndOffset ()I 2177 1 895 0 -1
ciMethod com/android/dx/cf/cst/ConstantPoolParser getPool ()Lcom/android/dx/rop/cst/StdConstantPool; 2169 1 895 0 -1
ciInstanceKlass com/android/dx/cf/cst/ConstantPoolParser 1 1 284 10 10 9 7 10 9 9 9 9 10 10 10 100 10 8 10 10 10 11 8 11 7 10 10 10 10 8 10 8 8 10 8 10 100 8 10 8 8 8 10 8 8 10 10 10 10 10 10 10 10 10 10 7 7 10 10 10 7 7 10 7 10 7 10 10 8 100 10 10 10 10 100 7 7 1 1 1 1 1 1 1 1 1 1 1 1 1 1 1 1 1 1 1 1 1 1 1 1 1 1 1 1 1 1 1 1 1 1 1 1 1 1 1 100 100 100 1 1 1 1 1 1 100 100 1 1 1 1 1 1 1 1 1 1 1 1 1 1 1 1 1 1 1 1 100 1 1 1 1 1 100 100 1 1 12 7 12 12 1 12 12 12 12 12 12 12 12 1 1 12 100 12 12 100 12 1 12 1 12 12 12 1 100 12 1 1 1 12 1 1 12 1 1 1 12 1 1 12 12 12 12 12 7 12 7 12 12 7 12 7 12 1 1 12 7 12 12 1 1 12 1 1 12 1 1 12 12 12 12 1 1 1 1 1 1 1 1 1 1 1 1 1 1 1 1 1 1 1 1 1 1 1 1 1 1 1 1 1 1 1 1 1 1 1 1 1 1 1 1 1 1 1 1 1 1 1 1 1 1 1 1 1 1
instanceKlass com/android/dx/rop/cst/CstArray
instanceKlass com/android/dx/rop/cst/CstAnnotation
instanceKlass com/android/dx/rop/cst/CstNat
instanceKlass com/android/dx/rop/cst/TypedConstant
ciInstanceKlass com/android/dx/rop/cst/Constant 1 1 56 10 10 10 10 10 7 10 7 100 100 1 1 1 1 1 1 1 1 1 1 1 1 1 1 1 1 1 1 100 1 1 1 1 1 1 1 1 12 12 100 12 100 12 12 1 12 1 1 1 1 1 1 1 1 1
instanceKlass com/android/dx/rop/cst/CstMemberRef
instanceKlass com/android/dx/rop/cst/CstType
instanceKlass com/android/dx/rop/cst/CstLiteralBits
instanceKlass com/android/dx/rop/cst/CstString
ciInstanceKlass com/android/dx/rop/cst/TypedConstant 1 1 35 10 10 10 10 100 7 100 1 1 1 1 1 1 1 1 1 1 1 1 1 1 1 1 12 12 100 12 12 1 1 1 1 1 1
ciMethod com/android/dx/rop/cst/CstType getClassType ()Lcom/android/dx/rop/type/Type; 2257 1 282 0 0
ciInstanceKlass com/android/dx/rop/cst/CstType 1 1 270 10 9 9 9 9 9 9 9 9 9 100 100 10 8 10 10 10 10 9 10 7 10 10 10 100 8 10 9 100 8 10 9 9 10 10 10 8 10 10 9 8 10 100 10 10 10 10 8 10 10 7 10 9 10 9 9 9 9 9 9 9 9 9 9 9 9 9 9 9 9 9 9 9 9 9 9 9 9 9 9 7 1 1 1 1 1 1 1 1 1 1 1 1 1 1 1 1 1 1 1 1 1 1 1 1 1 1 1 1 1 1 1 1 1 1 1 1 100 100 100 100 1 1 1 1 1 1 1 1 1 1 1 1 1 1 1 1 1 1 1 1 1 1 1 1 1 1 1 1 1 1 100 1 1 1 1 7 12 12 12 12 12 12 12 12 12 12 1 1 12 1 12 12 12 12 12 12 1 12 12 1 1 12 1 1 12 12 12 12 7 12 1 12 12 12 1 12 12 12 12 1 12 12 1 12 12 12 12 12 12 12 12 12 12 12 12 12 12 12 12 12 12 12 12 12 12 12 12 12 12 12 12 12 1 1 1 1 1 1 1 1 1 1 1 1 1 1 1 1 1 1 1 1 1 1 1 1 1 1 1 1 1 1 1 1 1 1 1 1
staticfield com/android/dx/rop/cst/CstType interns Ljava/util/HashMap; java/util/HashMap
staticfield com/android/dx/rop/cst/CstType OBJECT Lcom/android/dx/rop/cst/CstType; com/android/dx/rop/cst/CstType
staticfield com/android/dx/rop/cst/CstType BOOLEAN Lcom/android/dx/rop/cst/CstType; com/android/dx/rop/cst/CstType
staticfield com/android/dx/rop/cst/CstType BYTE Lcom/android/dx/rop/cst/CstType; com/android/dx/rop/cst/CstType
staticfield com/android/dx/rop/cst/CstType CHARACTER Lcom/android/dx/rop/cst/CstType; com/android/dx/rop/cst/CstType
staticfield com/android/dx/rop/cst/CstType DOUBLE Lcom/android/dx/rop/cst/CstType; com/android/dx/rop/cst/CstType
staticfield com/android/dx/rop/cst/CstType FLOAT Lcom/android/dx/rop/cst/CstType; com/android/dx/rop/cst/CstType
staticfield com/android/dx/rop/cst/CstType LONG Lcom/android/dx/rop/cst/CstType; com/android/dx/rop/cst/CstType
staticfield com/android/dx/rop/cst/CstType INTEGER Lcom/android/dx/rop/cst/CstType; com/android/dx/rop/cst/CstType
staticfield com/android/dx/rop/cst/CstType SHORT Lcom/android/dx/rop/cst/CstType; com/android/dx/rop/cst/CstType
staticfield com/android/dx/rop/cst/CstType VOID Lcom/android/dx/rop/cst/CstType; com/android/dx/rop/cst/CstType
staticfield com/android/dx/rop/cst/CstType BOOLEAN_ARRAY Lcom/android/dx/rop/cst/CstType; com/android/dx/rop/cst/CstType
staticfield com/android/dx/rop/cst/CstType BYTE_ARRAY Lcom/android/dx/rop/cst/CstType; com/android/dx/rop/cst/CstType
staticfield com/android/dx/rop/cst/CstType CHAR_ARRAY Lcom/android/dx/rop/cst/CstType; com/android/dx/rop/cst/CstType
staticfield com/android/dx/rop/cst/CstType DOUBLE_ARRAY Lcom/android/dx/rop/cst/CstType; com/android/dx/rop/cst/CstType
staticfield com/android/dx/rop/cst/CstType FLOAT_ARRAY Lcom/android/dx/rop/cst/CstType; com/android/dx/rop/cst/CstType
staticfield com/android/dx/rop/cst/CstType LONG_ARRAY Lcom/android/dx/rop/cst/CstType; com/android/dx/rop/cst/CstType
staticfield com/android/dx/rop/cst/CstType INT_ARRAY Lcom/android/dx/rop/cst/CstType; com/android/dx/rop/cst/CstType
staticfield com/android/dx/rop/cst/CstType SHORT_ARRAY Lcom/android/dx/rop/cst/CstType; com/android/dx/rop/cst/CstType
ciMethod com/android/dx/rop/cst/StdConstantPool get0Ok (I)Lcom/android/dx/rop/cst/Constant; 4097 1 6651 0 -1
ciMethod com/android/dx/rop/cst/StdConstantPool get (I)Lcom/android/dx/rop/cst/Constant; 4097 1 85933 0 -1
ciMethod com/android/dx/util/MutabilityControl setImmutable ()V 4097 1 50972 0 -1
instanceKlass com/android/dx/rop/annotation/Annotation
instanceKlass com/android/dx/rop/annotation/Annotations
instanceKlass com/android/dx/util/FixedSizeList
instanceKlass com/android/dx/rop/cst/StdConstantPool
ciInstanceKlass com/android/dx/util/MutabilityControl 1 1 37 10 9 100 8 10 8 7 7 1 1 1 1 1 1 1 1 1 1 1 1 1 1 1 1 1 1 1 12 12 1 1 12 1 1 1 1
ciInstanceKlass com/android/dx/rop/cst/StdConstantPool 1 1 100 10 100 8 10 7 9 100 10 10 10 10 8 8 100 100 10 8 10 10 10 10 7 7 100 1 1 1 1 1 1 1 1 1 1 1 1 100 1 1 1 1 1 1 100 1 1 1 1 100 1 1 1 1 1 1 1 1 1 1 1 1 12 1 1 12 1 12 1 12 12 12 12 1 1 1 1 12 1 12 100 12 12 12 1 1 1 1 1 1 1 1 1 1 1 1 1 1 1 1
ciMethod com/android/dx/rop/type/Type getClassName ()Ljava/lang/String; 321 1 727 0 0
ciMethod com/android/dx/rop/type/Type isReference ()Z 2049 1 1083 0 0
ciInstanceKlass com/android/dx/rop/type/Type 1 1 451 9 10 7 10 100 100 8 10 100 8 10 10 10 10 10 7 10 8 10 10 10 10 8 10 9 8 8 10 10 10 8 8 9 9 9 9 9 9 10 10 10 8 8 8 8 8 8 8 8 8 10 10 10 8 10 8 8 10 9 9 10 8 10 9 10 8 8 8 8 10 8 10 10 10 10 10 7 10 8 9 8 9 8 9 8 9 8 9 8 8 9 8 9 8 8 9 8 9 8 9 8 9 8 9 8 9 8 9 8 9 8 9 8 9 8 9 8 9 8 9 8 9 8 9 8 9 8 9 9 9 9 9 9 9 9 9 9 7 100 100 1 1 1 1 1 1 1 3 1 3 1 3 1 3 1 3 1 3 1 3 1 3 1 3 1 3 1 3 1 3 1 1 1 1 1 1 1 1 1 1 1 1 1 1 1 1 1 1 1 1 1 1 1 1 1 1 1 1 1 1 1 1 1 1 1 1 1 1 1 1 1 1 1 1 1 1 1 1 1 1 1 1 1 1 1 1 1 1 1 1 1 100 100 100 100 100 100 1 1 1 1 1 1 1 1 1 1 1 1 1 1 1 1 1 1 1 1 1 1 1 1 1 1 1 1 1 1 1 1 1 1 1 1 1 1 1 1 1 1 1 1 1 1 1 1 1 1 1 1 1 1 1 12 12 1 7 12 1 1 1 12 1 1 12 12 12 12 1 12 1 12 12 12 12 1 12 12 1 1 12 12 1 1 12 12 12 12 12 12 12 12 12 1 1 1 1 1 1 1 1 1 12 12 12 1 12 1 1 12 12 12 12 1 12 12 1 1 1 1 12 1 7 12 12 12 12 12 1 12 1 12 1 12 12 1 12 1 12 1 12 1 12 1 1 12 1 12 1 12 1 12 12 1 12 12 1 12 1 12 1 12 1 12 1 12 1 12 1 12 1 12 1 12 1 12 12 12 12 12 12 12 12 12 12 1 1 1 1 1 1 1 1 1 1 1 1 1 1 1 1 1 1 1 1 1 1 1 1 1 1
staticfield com/android/dx/rop/type/Type internTable Ljava/util/HashMap; java/util/HashMap
staticfield com/android/dx/rop/type/Type BOOLEAN Lcom/android/dx/rop/type/Type; com/android/dx/rop/type/Type
staticfield com/android/dx/rop/type/Type BYTE Lcom/android/dx/rop/type/Type; com/android/dx/rop/type/Type
staticfield com/android/dx/rop/type/Type CHAR Lcom/android/dx/rop/type/Type; com/android/dx/rop/type/Type
staticfield com/android/dx/rop/type/Type DOUBLE Lcom/android/dx/rop/type/Type; com/android/dx/rop/type/Type
staticfield com/android/dx/rop/type/Type FLOAT Lcom/android/dx/rop/type/Type; com/android/dx/rop/type/Type
staticfield com/android/dx/rop/type/Type INT Lcom/android/dx/rop/type/Type; com/android/dx/rop/type/Type
staticfield com/android/dx/rop/type/Type LONG Lcom/android/dx/rop/type/Type; com/android/dx/rop/type/Type
staticfield com/android/dx/rop/type/Type SHORT Lcom/android/dx/rop/type/Type; com/android/dx/rop/type/Type
staticfield com/android/dx/rop/type/Type VOID Lcom/android/dx/rop/type/Type; com/android/dx/rop/type/Type
staticfield com/android/dx/rop/type/Type KNOWN_NULL Lcom/android/dx/rop/type/Type; com/android/dx/rop/type/Type
staticfield com/android/dx/rop/type/Type RETURN_ADDRESS Lcom/android/dx/rop/type/Type; com/android/dx/rop/type/Type
staticfield com/android/dx/rop/type/Type ANNOTATION Lcom/android/dx/rop/type/Type; com/android/dx/rop/type/Type
staticfield com/android/dx/rop/type/Type CLASS Lcom/android/dx/rop/type/Type; com/android/dx/rop/type/Type
staticfield com/android/dx/rop/type/Type CLONEABLE Lcom/android/dx/rop/type/Type; com/android/dx/rop/type/Type
staticfield com/android/dx/rop/type/Type OBJECT Lcom/android/dx/rop/type/Type; com/android/dx/rop/type/Type
staticfield com/android/dx/rop/type/Type SERIALIZABLE Lcom/android/dx/rop/type/Type; com/android/dx/rop/type/Type
staticfield com/android/dx/rop/type/Type STRING Lcom/android/dx/rop/type/Type; com/android/dx/rop/type/Type
staticfield com/android/dx/rop/type/Type THROWABLE Lcom/android/dx/rop/type/Type; com/android/dx/rop/type/Type
staticfield com/android/dx/rop/type/Type BOOLEAN_CLASS Lcom/android/dx/rop/type/Type; com/android/dx/rop/type/Type
staticfield com/android/dx/rop/type/Type BYTE_CLASS Lcom/android/dx/rop/type/Type; com/android/dx/rop/type/Type
staticfield com/android/dx/rop/type/Type CHARACTER_CLASS Lcom/android/dx/rop/type/Type; com/android/dx/rop/type/Type
staticfield com/android/dx/rop/type/Type DOUBLE_CLASS Lcom/android/dx/rop/type/Type; com/android/dx/rop/type/Type
staticfield com/android/dx/rop/type/Type FLOAT_CLASS Lcom/android/dx/rop/type/Type; com/android/dx/rop/type/Type
staticfield com/android/dx/rop/type/Type INTEGER_CLASS Lcom/android/dx/rop/type/Type; com/android/dx/rop/type/Type
staticfield com/android/dx/rop/type/Type LONG_CLASS Lcom/android/dx/rop/type/Type; com/android/dx/rop/type/Type
staticfield com/android/dx/rop/type/Type SHORT_CLASS Lcom/android/dx/rop/type/Type; com/android/dx/rop/type/Type
staticfield com/android/dx/rop/type/Type VOID_CLASS Lcom/android/dx/rop/type/Type; com/android/dx/rop/type/Type
staticfield com/android/dx/rop/type/Type BOOLEAN_ARRAY Lcom/android/dx/rop/type/Type; com/android/dx/rop/type/Type
staticfield com/android/dx/rop/type/Type BYTE_ARRAY Lcom/android/dx/rop/type/Type; com/android/dx/rop/type/Type
staticfield com/android/dx/rop/type/Type CHAR_ARRAY Lcom/android/dx/rop/type/Type; com/android/dx/rop/type/Type
staticfield com/android/dx/rop/type/Type DOUBLE_ARRAY Lcom/android/dx/rop/type/Type; com/android/dx/rop/type/Type
staticfield com/android/dx/rop/type/Type FLOAT_ARRAY Lcom/android/dx/rop/type/Type; com/android/dx/rop/type/Type
staticfield com/android/dx/rop/type/Type INT_ARRAY Lcom/android/dx/rop/type/Type; com/android/dx/rop/type/Type
staticfield com/android/dx/rop/type/Type LONG_ARRAY Lcom/android/dx/rop/type/Type; com/android/dx/rop/type/Type
staticfield com/android/dx/rop/type/Type OBJECT_ARRAY Lcom/android/dx/rop/type/Type; com/android/dx/rop/type/Type
staticfield com/android/dx/rop/type/Type SHORT_ARRAY Lcom/android/dx/rop/type/Type; com/android/dx/rop/type/Type
ciMethod com/android/dx/util/FixedSizeList size ()I 4097 1 65927 0 0
instanceKlass com/android/dx/rop/annotation/AnnotationsList
instanceKlass com/android/dx/rop/cst/CstArray$List
instanceKlass com/android/dx/cf/attrib/InnerClassList
instanceKlass com/android/dx/cf/code/LocalVariableList
instanceKlass com/android/dx/cf/code/LineNumberList
instanceKlass com/android/dx/cf/code/ByteCatchList
instanceKlass com/android/dx/cf/iface/StdMethodList
instanceKlass com/android/dx/cf/iface/StdAttributeList
instanceKlass com/android/dx/cf/iface/StdFieldList
instanceKlass com/android/dx/rop/type/StdTypeList
ciInstanceKlass com/android/dx/util/FixedSizeList 1 1 170 10 7 9 100 100 8 10 10 7 10 10 10 100 10 10 10 10 10 10 8 8 10 10 10 100 8 10 10 100 10 100 8 10 8 100 10 10 100 11 10 10 7 1 1 1 1 1 1 1 1 1 1 1 1 1 1 100 100 1 1 1 1 1 1 1 1 1 1 1 1 1 1 1 1 1 1 1 1 1 1 1 1 100 1 1 1 1 1 100 100 1 1 1 1 1 1 1 1 1 1 1 1 100 1 1 12 1 12 1 1 1 12 12 1 100 12 12 100 12 1 12 100 12 12 12 12 12 1 1 12 12 12 1 1 12 1 12 1 1 1 1 12 12 1 12 12 1 1 1 1 1 1 1 1 1 1 1 1 1 1 1 1 1 1 1 1 1 1 1
ciInstanceKlass com/android/dx/rop/type/StdTypeList 1 1 287 7 10 10 11 8 100 10 8 10 11 10 10 10 10 10 10 10 10 10 10 10 10 10 7 10 9 9 10 9 9 9 9 9 9 9 9 9 9 9 9 9 10 9 9 9 9 9 9 9 9 9 9 9 9 9 9 9 9 9 9 9 9 9 9 9 9 9 9 9 9 10 9 9 9 9 9 9 9 9 9 7 100 1 1 1 1 1 1 1 1 1 1 1 1 1 1 1 1 1 1 1 1 1 1 1 1 1 1 1 1 1 1 1 1 1 1 1 1 1 1 1 1 1 1 1 1 1 1 1 1 1 1 1 1 1 1 1 1 1 1 1 1 1 1 100 1 1 1 1 1 1 1 1 1 1 1 1 100 1 1 1 1 1 1 1 1 1 1 1 100 1 1 1 1 1 1 1 1 1 12 12 12 1 1 1 12 12 12 12 12 12 100 12 12 12 12 12 12 12 1 12 12 12 12 12 12 12 12 12 12 12 12 12 12 12 12 12 12 12 12 12 12 12 12 12 12 12 12 12 12 12 12 12 12 12 12 12 12 12 12 12 12 12 12 12 12 12 12 12 12 12 12 12 12 12 12 1 1 1 1 1 1 1 1 1 1 1 1 1 1 1 1 1 1 1 1 1 1 1 1 1 1 1 1 1 1
staticfield com/android/dx/rop/type/StdTypeList EMPTY Lcom/android/dx/rop/type/StdTypeList; com/android/dx/rop/type/StdTypeList
staticfield com/android/dx/rop/type/StdTypeList INT Lcom/android/dx/rop/type/StdTypeList; com/android/dx/rop/type/StdTypeList
staticfield com/android/dx/rop/type/StdTypeList LONG Lcom/android/dx/rop/type/StdTypeList; com/android/dx/rop/type/StdTypeList
staticfield com/android/dx/rop/type/StdTypeList FLOAT Lcom/android/dx/rop/type/StdTypeList; com/android/dx/rop/type/StdTypeList
staticfield com/android/dx/rop/type/StdTypeList DOUBLE Lcom/android/dx/rop/type/StdTypeList; com/android/dx/rop/type/StdTypeList
staticfield com/android/dx/rop/type/StdTypeList OBJECT Lcom/android/dx/rop/type/StdTypeList; com/android/dx/rop/type/StdTypeList
staticfield com/android/dx/rop/type/StdTypeList RETURN_ADDRESS Lcom/android/dx/rop/type/StdTypeList; com/android/dx/rop/type/StdTypeList
staticfield com/android/dx/rop/type/StdTypeList THROWABLE Lcom/android/dx/rop/type/StdTypeList; com/android/dx/rop/type/StdTypeList
staticfield com/android/dx/rop/type/StdTypeList INT_INT Lcom/android/dx/rop/type/StdTypeList; com/android/dx/rop/type/StdTypeList
staticfield com/android/dx/rop/type/StdTypeList LONG_LONG Lcom/android/dx/rop/type/StdTypeList; com/android/dx/rop/type/StdTypeList
staticfield com/android/dx/rop/type/StdTypeList FLOAT_FLOAT Lcom/android/dx/rop/type/StdTypeList; com/android/dx/rop/type/StdTypeList
staticfield com/android/dx/rop/type/StdTypeList DOUBLE_DOUBLE Lcom/android/dx/rop/type/StdTypeList; com/android/dx/rop/type/StdTypeList
staticfield com/android/dx/rop/type/StdTypeList OBJECT_OBJECT Lcom/android/dx/rop/type/StdTypeList; com/android/dx/rop/type/StdTypeList
staticfield com/android/dx/rop/type/StdTypeList INT_OBJECT Lcom/android/dx/rop/type/StdTypeList; com/android/dx/rop/type/StdTypeList
staticfield com/android/dx/rop/type/StdTypeList LONG_OBJECT Lcom/android/dx/rop/type/StdTypeList; com/android/dx/rop/type/StdTypeList
staticfield com/android/dx/rop/type/StdTypeList FLOAT_OBJECT Lcom/android/dx/rop/type/StdTypeList; com/android/dx/rop/type/StdTypeList
staticfield com/android/dx/rop/type/StdTypeList DOUBLE_OBJECT Lcom/android/dx/rop/type/StdTypeList; com/android/dx/rop/type/StdTypeList
staticfield com/android/dx/rop/type/StdTypeList LONG_INT Lcom/android/dx/rop/type/StdTypeList; com/android/dx/rop/type/StdTypeList
staticfield com/android/dx/rop/type/StdTypeList INTARR_INT Lcom/android/dx/rop/type/StdTypeList; com/android/dx/rop/type/StdTypeList
staticfield com/android/dx/rop/type/StdTypeList LONGARR_INT Lcom/android/dx/rop/type/StdTypeList; com/android/dx/rop/type/StdTypeList
staticfield com/android/dx/rop/type/StdTypeList FLOATARR_INT Lcom/android/dx/rop/type/StdTypeList; com/android/dx/rop/type/StdTypeList
staticfield com/android/dx/rop/type/StdTypeList DOUBLEARR_INT Lcom/android/dx/rop/type/StdTypeList; com/android/dx/rop/type/StdTypeList
staticfield com/android/dx/rop/type/StdTypeList OBJECTARR_INT Lcom/android/dx/rop/type/StdTypeList; com/android/dx/rop/type/StdTypeList
staticfield com/android/dx/rop/type/StdTypeList BOOLEANARR_INT Lcom/android/dx/rop/type/StdTypeList; com/android/dx/rop/type/StdTypeList
staticfield com/android/dx/rop/type/StdTypeList BYTEARR_INT Lcom/android/dx/rop/type/StdTypeList; com/android/dx/rop/type/StdTypeList
staticfield com/android/dx/rop/type/StdTypeList CHARARR_INT Lcom/android/dx/rop/type/StdTypeList; com/android/dx/rop/type/StdTypeList
staticfield com/android/dx/rop/type/StdTypeList SHORTARR_INT Lcom/android/dx/rop/type/StdTypeList; com/android/dx/rop/type/StdTypeList
staticfield com/android/dx/rop/type/StdTypeList INT_INTARR_INT Lcom/android/dx/rop/type/StdTypeList; com/android/dx/rop/type/StdTypeList
staticfield com/android/dx/rop/type/StdTypeList LONG_LONGARR_INT Lcom/android/dx/rop/type/StdTypeList; com/android/dx/rop/type/StdTypeList
staticfield com/android/dx/rop/type/StdTypeList FLOAT_FLOATARR_INT Lcom/android/dx/rop/type/StdTypeList; com/android/dx/rop/type/StdTypeList
staticfield com/android/dx/rop/type/StdTypeList DOUBLE_DOUBLEARR_INT Lcom/android/dx/rop/type/StdTypeList; com/android/dx/rop/type/StdTypeList
staticfield com/android/dx/rop/type/StdTypeList OBJECT_OBJECTARR_INT Lcom/android/dx/rop/type/StdTypeList; com/android/dx/rop/type/StdTypeList
staticfield com/android/dx/rop/type/StdTypeList INT_BOOLEANARR_INT Lcom/android/dx/rop/type/StdTypeList; com/android/dx/rop/type/StdTypeList
staticfield com/android/dx/rop/type/StdTypeList INT_BYTEARR_INT Lcom/android/dx/rop/type/StdTypeList; com/android/dx/rop/type/StdTypeList
staticfield com/android/dx/rop/type/StdTypeList INT_CHARARR_INT Lcom/android/dx/rop/type/StdTypeList; com/android/dx/rop/type/StdTypeList
staticfield com/android/dx/rop/type/StdTypeList INT_SHORTARR_INT Lcom/android/dx/rop/type/StdTypeList; com/android/dx/rop/type/StdTypeList
ciMethod com/android/dx/cf/direct/FieldListParser <init> (Lcom/android/dx/cf/direct/DirectClassFile;Lcom/android/dx/rop/cst/CstType;ILcom/android/dx/cf/direct/AttributeFactory;)V 2201 1 895 0 -1
ciMethod com/android/dx/cf/direct/FieldListParser getList ()Lcom/android/dx/cf/iface/StdFieldList; 2209 1 895 0 -1
ciMethod com/android/dx/cf/direct/MemberListParser getEndOffset ()I 3361 1 1790 0 -1
ciMethod com/android/dx/cf/direct/MemberListParser setObserver (Lcom/android/dx/cf/iface/ParseObserver;)V 3361 1 1790 0 -1
instanceKlass com/android/dx/cf/direct/MethodListParser
instanceKlass com/android/dx/cf/direct/FieldListParser
ciInstanceKlass com/android/dx/cf/direct/MemberListParser 1 1 243 10 100 8 10 100 8 10 8 9 9 9 9 9 10 9 10 10 10 10 10 10 100 10 10 10 8 10 10 11 11 7 10 11 8 8 10 8 11 8 10 8 10 8 7 10 10 10 10 10 7 10 10 8 8 11 100 8 8 10 100 10 7 7 1 1 1 1 1 1 1 1 1 1 1 1 1 1 1 1 1 1 1 100 100 100 100 1 1 1 1 1 1 1 1 1 1 1 1 1 1 1 1 1 1 1 1 1 1 1 1 1 1 1 1 1 1 1 1 1 1 1 1 1 1 1 1 1 1 1 100 100 100 100 100 1 1 12 1 1 12 1 1 1 12 12 12 12 12 12 12 12 7 12 7 12 12 12 12 1 12 12 1 100 12 12 100 12 7 12 1 12 12 1 1 12 1 12 1 12 1 12 1 1 12 12 12 12 7 12 1 12 12 1 1 12 1 1 1 12 1 12 1 1 1 1 1 1 1 1 1 1 1 1 1 1 1 1 1 1 1 1 1 1 1 1 1 1 1 1 1 1 1 1 1 1 1 1 1 1 1 1 1
ciInstanceKlass com/android/dx/cf/direct/FieldListParser 1 1 76 10 7 10 10 9 10 8 10 7 10 10 10 7 7 1 1 1 1 1 1 1 1 1 1 1 1 1 1 1 1 1 1 1 1 1 1 1 1 1 1 1 1 1 1 1 1 1 1 1 1 1 12 1 12 12 12 12 100 12 1 12 12 12 1 1 1 1 1 1 1 1 1 1 1 1
ciInstanceKlass com/android/dx/cf/iface/StdFieldList 1 1 37 10 10 7 10 7 7 100 1 1 1 1 1 1 1 1 1 1 1 1 1 1 1 1 1 1 12 12 1 12 1 1 1 1 1 1 1
ciMethod com/android/dx/cf/direct/AttributeListParser <init> (Lcom/android/dx/cf/direct/DirectClassFile;IILcom/android/dx/cf/direct/AttributeFactory;)V 4097 1 16131 0 -1
ciMethod com/android/dx/cf/direct/AttributeListParser setObserver (Lcom/android/dx/cf/iface/ParseObserver;)V 4097 1 24594 0 -1
ciMethod com/android/dx/cf/direct/AttributeListParser getEndOffset ()I 4097 1 27652 0 -1
ciMethod com/android/dx/cf/direct/AttributeListParser getList ()Lcom/android/dx/cf/iface/StdAttributeList; 4097 1 27652 0 -1
ciInstanceKlass com/android/dx/cf/direct/AttributeListParser 1 1 169 10 100 8 10 8 10 10 9 9 9 9 7 10 9 9 9 10 10 10 100 10 8 10 10 10 11 8 10 8 11 10 11 10 8 8 100 8 8 10 100 10 7 7 1 1 1 1 1 1 1 1 1 1 1 1 1 1 1 1 1 1 1 1 1 100 100 100 1 1 1 1 1 1 1 1 1 1 1 1 1 1 1 1 1 1 1 1 100 100 100 1 1 12 1 1 12 1 7 12 7 12 12 12 12 12 1 12 12 12 12 12 12 12 1 1 12 100 12 12 100 12 1 12 1 12 7 12 7 12 12 1 1 1 1 1 12 1 12 1 1 1 1 1 1 1 1 1 1 1 1 1 1 1 1 1 1 1 1 1 1 1 1 1 1 1 1 1 1
ciInstanceKlass com/android/dx/cf/iface/StdAttributeList 1 1 69 10 10 7 10 10 11 11 10 10 7 7 100 1 1 1 1 1 1 1 1 1 1 1 1 1 1 1 1 1 1 1 1 1 1 1 1 1 1 1 1 100 1 1 1 1 1 12 12 1 12 12 12 12 7 12 12 1 1 1 1 1 1 1 1 1 1 1 1
ciMethod com/android/dx/cf/direct/MethodListParser <init> (Lcom/android/dx/cf/direct/DirectClassFile;Lcom/android/dx/rop/cst/CstType;ILcom/android/dx/cf/direct/AttributeFactory;)V 2209 1 895 0 -1
ciMethod com/android/dx/cf/direct/MethodListParser getList ()Lcom/android/dx/cf/iface/StdMethodList; 2209 1 895 0 -1
ciInstanceKlass com/android/dx/cf/direct/MethodListParser 1 1 77 10 7 10 10 9 10 8 10 7 10 10 10 7 7 1 1 1 1 1 1 1 1 1 1 1 1 1 1 1 1 1 1 1 1 1 1 1 1 1 1 1 1 1 1 1 1 1 1 1 1 1 12 1 12 12 12 12 1 100 12 1 12 12 12 1 1 1 1 1 1 1 1 1 1 1 1
ciInstanceKlass com/android/dx/cf/iface/StdMethodList 1 1 37 10 10 7 10 7 7 100 1 1 1 1 1 1 1 1 1 1 1 1 1 1 1 1 1 1 12 12 1 12 1 1 1 1 1 1 1
ciMethodData com/android/dx/util/ByteArray <init> ([BII)V 2 8752 orig 204 40 6 13 183 40 119 14 100 76 1 0 0 72 0 0 0 0 0 0 0 0 0 0 0 0 0 0 0 0 0 0 0 0 0 0 0 0 0 0 0 0 0 0 0 0 0 0 0 77 68 79 32 101 120 116 114 97 32 100 97 116 97 32 108 111 99 107 0 0 0 0 0 0 0 0 0 0 0 0 0 0 0 0 0 0 0 0 0 0 0 0 0 0 0 0 0 0 0 0 0 0 0 0 0 0 0 0 0 0 0 0 0 0 0 0 0 0 0 0 0 0 0 0 0 0 0 0 0 0 0 0 0 0 0 0 0 0 0 0 0 0 0 0 0 0 0 0 0 0 0 0 0 0 0 0 0 0 0 0 0 54 1 0 0 193 7 1 0 1 0 0 0 0 0 0 0 0 0 0 0 2 0 0 0 0 0 11 0 2 0 0 0 104 0 0 0 255 255 255 255 2 0 1 0 data 26 0x10002 0x20f8 0x50007 0x20f8 0x18 0x0 0xe0002 0x0 0x130007 0x20f8 0x18 0x0 0x1c0002 0x0 0x220007 0x20f8 0x18 0x0 0x2b0002 0x0 0x320007 0x20f8 0x18 0x0 0x3b0002 0x0 oops 0
ciMethodData com/android/dx/util/FixedSizeList size ()I 2 65927 orig 204 40 6 13 183 112 222 15 100 216 0 0 0 0 0 0 0 0 0 0 0 0 0 0 0 0 0 0 0 0 0 0 0 0 0 0 0 0 0 0 0 0 0 0 0 0 0 0 0 77 68 79 32 101 120 116 114 97 32 100 97 116 97 32 108 111 99 107 0 0 0 0 0 0 0 0 0 0 0 0 0 0 0 0 0 0 0 0 0 0 0 0 0 0 0 0 0 0 0 0 0 0 0 0 0 0 0 0 0 0 0 0 0 0 0 0 0 0 0 0 0 0 0 0 0 0 0 0 0 0 0 0 0 0 0 0 0 0 0 0 0 0 0 0 0 0 0 0 0 0 0 0 0 0 0 0 0 0 0 0 0 0 2 0 0 57 252 7 0 1 0 0 0 0 0 0 0 0 0 0 0 2 0 0 0 0 0 3 0 1 0 0 0 0 0 0 0 255 255 255 255 0 0 0 0 data 0 oops 0
ciMethod com/android/dx/cf/direct/DirectClassFile$DcfTypeList size ()I 1041 1 130 0 0
ciMethod com/android/dx/cf/direct/DirectClassFile$DcfTypeList getType (I)Lcom/android/dx/rop/type/Type; 2057 1 199 0 0
ciInstanceKlass com/android/dx/cf/direct/DirectClassFile$DcfTypeList 1 1 126 10 100 8 10 10 9 9 9 10 10 7 100 100 8 10 100 10 8 10 10 10 11 10 100 8 10 7 7 100 1 1 1 1 1 1 1 1 1 1 1 1 1 1 1 1 1 1 1 1 1 1 1 1 1 100 100 100 100 100 100 1 1 1 1 1 1 1 1 1 1 1 1 12 1 1 12 7 12 12 12 12 12 7 12 1 1 1 1 12 1 1 12 12 12 100 12 12 1 1 100 1 1 1 1 1 1 1 1 1 1 1 1 1 1 1 1 1 1 1 1 1 1 1 1 1
ciMethodData com/android/multidex/ClassReferenceListBuilder addClassWithHierachy (Ljava/lang/String;)V 2 10158 orig 204 40 6 13 183 104 174 13 100 136 2 0 0 32 1 0 0 0 0 0 0 0 0 0 0 0 0 0 0 0 0 0 0 0 0 0 0 0 0 0 0 0 0 0 0 0 0 0 0 77 68 79 32 101 120 116 114 97 32 100 97 116 97 32 108 111 99 107 0 0 0 0 0 0 0 0 0 0 0 0 0 0 0 0 0 0 0 0 0 0 0 0 0 0 0 0 0 0 0 0 0 0 0 0 0 0 0 0 0 0 0 0 0 0 0 0 0 0 0 0 0 0 0 0 0 0 0 0 0 0 0 0 0 0 0 0 0 0 0 0 0 0 0 0 0 0 0 0 0 0 0 0 0 0 0 0 0 0 0 0 0 37 1 0 0 73 52 1 0 81 5 0 0 0 0 0 0 0 0 0 0 2 0 0 0 1 0 23 0 2 0 0 0 152 1 0 0 255 255 255 255 5 0 5 0 data 102 0x50005 0x0 0x62f31788 0x2689 0x0 0x0 0xa0007 0x1d29 0x10 0x960 0x160002 0x1d29 0x1a0005 0x110 0xb652ffb0 0x1c19 0x0 0x0 0x1f0005 0x110 0xb652ffb0 0x1c19 0x0 0x0 0x220005 0x110 0xb652ffb0 0x1c19 0x0 0x0 0x250005 0x0 0x62f317e8 0x1d29 0x0 0x0 0x2e0005 0x0 0x62f31788 0x22c 0x0 0x0 0x350005 0x0 0x62f31848 0x22c 0x0 0x0 0x3a0007 0x0 0x48 0x22b 0x3f0005 0x21 0x62f318a8 0x20a 0x0 0x0 0x420005 0x21 0x62f31908 0x20a 0x0 0x0 0x450002 0x22b 0x490005 0x0 0x62f31848 0x22b 0x0 0x0 0x500005 0x0 0x62f31968 0x19d 0x62f319c8 0x8e 0x5e0007 0x22b 0x54 0xaa 0x660005 0x0 0x62f319c8 0xaa 0x0 0x0 0x6b0005 0x9 0x62f31908 0xa1 0x0 0x0 0x6e0002 0xaa 0x740003 0xaa 0xffffffb8 0x770003 0x22b 0xc oops 14 2 java/util/HashSet 14 java/lang/StringBuilder 20 java/lang/StringBuilder 26 java/lang/StringBuilder 32 com/android/multidex/Path 38 java/util/HashSet 44 com/android/dx/cf/direct/DirectClassFile 54 com/android/dx/rop/cst/CstType 60 com/android/dx/rop/type/Type 68 com/android/dx/cf/direct/DirectClassFile 74 com/android/dx/rop/type/StdTypeList 76 com/android/dx/cf/direct/DirectClassFile$DcfTypeList 84 com/android/dx/cf/direct/DirectClassFile$DcfTypeList 90 com/android/dx/rop/type/Type
ciMethodData com/android/dx/cf/direct/DirectClassFile parseToInterfacesIfNecessary ()V 2 36082 orig 204 40 6 13 183 56 69 14 100 240 0 0 0 0 0 0 0 0 0 0 0 0 0 0 0 0 0 0 0 0 0 0 0 0 0 0 0 0 0 0 0 0 0 0 0 0 0 0 0 77 68 79 32 101 120 116 114 97 32 100 97 116 97 32 108 111 99 107 0 0 0 0 0 0 0 0 0 0 0 0 0 0 0 0 0 0 0 0 0 0 0 0 0 0 0 0 0 0 0 0 0 0 0 0 0 0 0 0 0 0 0 0 0 0 0 0 0 0 0 0 0 0 0 0 0 0 0 0 0 0 0 0 0 0 0 0 0 0 0 0 0 0 0 0 0 17 0 0 0 0 0 0 0 0 0 0 0 0 0 0 0 0 2 0 0 145 87 4 0 1 0 0 0 0 0 0 0 0 0 0 0 2 0 0 0 0 0 6 0 2 0 0 0 24 0 0 0 255 255 255 255 7 0 5 0 data 6 0x50007 0x87e7 0x18 0x30b 0x90002 0x30b oops 0
ciMethodData com/android/dx/cf/direct/DirectClassFile parse ()V 1 809 orig 204 40 6 13 183 216 70 14 100 216 1 0 0 0 0 0 0 0 0 0 0 0 0 0 0 0 0 0 0 0 0 0 0 0 0 0 0 0 0 0 0 0 0 0 0 0 0 0 0 77 68 79 32 101 120 116 114 97 32 100 97 116 97 32 108 111 99 107 0 0 0 0 0 0 0 0 0 0 0 0 0 0 0 0 0 0 0 0 0 0 0 0 0 0 0 0 0 0 0 0 0 0 0 0 0 0 0 0 0 0 0 0 0 0 0 0 0 0 0 0 0 0 0 0 0 0 0 0 0 0 0 0 0 0 0 0 0 0 0 0 0 0 0 0 0 25 0 0 0 0 0 0 0 0 0 0 0 0 0 0 0 46 0 0 0 217 23 0 0 1 0 0 0 0 0 0 0 0 0 0 0 2 0 0 0 0 0 7 0 2 0 0 0 236 0 0 0 255 255 255 255 2 0 1 0 data 59 0x10002 0x2fb 0x40003 0x2fb 0xe4 0xd0002 0x0 0x120005 0x0 0x0 0x0 0x0 0x0 0x190005 0x0 0x0 0x0 0x0 0x0 0x1c0005 0x0 0x0 0x0 0x0 0x0 0x1f0005 0x0 0x0 0x0 0x0 0x0 0x2a0002 0x0 0x330002 0x0 0x380005 0x0 0x0 0x0 0x0 0x0 0x3f0005 0x0 0x0 0x0 0x0 0x0 0x420005 0x0 0x0 0x0 0x0 0x0 0x450005 0x0 0x0 0x0 0x0 0x0 oops 0
ciMethodData com/android/multidex/Path getClass (Ljava/lang/String;)Lcom/android/dx/cf/direct/DirectClassFile; 2 8107 orig 204 40 6 13 183 24 220 13 100 128 2 0 0 236 0 0 0 0 0 0 0 0 0 0 0 0 0 0 0 0 0 0 0 0 0 0 0 0 0 0 0 0 0 0 0 0 0 0 0 77 68 79 32 101 120 116 114 97 32 100 97 116 97 32 108 111 99 107 0 0 0 0 0 0 0 0 0 0 0 0 0 0 0 0 0 0 0 0 0 0 0 0 0 0 0 0 0 0 0 0 0 0 0 0 0 0 0 0 0 0 0 0 0 0 0 0 0 0 0 0 0 0 0 0 0 0 0 0 0 0 0 0 0 0 0 0 0 0 0 0 0 0 0 0 0 0 0 0 0 0 0 0 0 0 0 0 0 0 0 0 0 0 2 0 0 89 237 0 0 121 212 0 0 0 0 0 0 0 0 0 0 2 0 0 0 1 0 18 0 2 0 0 0 144 1 0 0 255 255 255 255 5 0 6 0 data 100 0x60005 0x0 0x66777368 0x1dab 0x0 0x0 0xd0005 0x0 0x667773c8 0x383a 0x0 0x0 0x120007 0x1a8f 0xe0 0x1dab 0x160005 0x0 0x667773c8 0x1dab 0x0 0x0 0x1b0004 0x0 0x66777428 0x1dab 0x0 0x0 0x230005 0x0 0x66777428 0x1dab 0x0 0x0 0x340002 0x31d 0x3d0005 0x0 0x66775ba0 0x31d 0x0 0x0 0x480002 0x31d 0x500005 0x0 0x62f31848 0x31d 0x0 0x0 0x550005 0x0 0x66777488 0x31d 0x0 0x0 0x580003 0x31d 0x30 0x5f0005 0x0 0x0 0x0 0x0 0x0 0x670003 0x1a8f 0xffffff14 0x6b0007 0x31d 0x80 0x1a8f 0x760002 0x1a8f 0x7b0005 0x7c 0xb652ffb0 0x1a13 0x0 0x0 0x7f0005 0x7c 0xb652ffb0 0x1a13 0x0 0x0 0x840005 0x7c 0xb652ffb0 0x1a13 0x0 0x0 0x870005 0x7c 0xb652ffb0 0x1a13 0x0 0x0 0x8a0002 0x1a8f oops 12 2 java/util/ArrayList 8 java/util/ArrayList$Itr 18 java/util/ArrayList$Itr 24 com/android/multidex/ArchivePathElement 30 com/android/multidex/ArchivePathElement 38 java/io/ByteArrayOutputStream 46 com/android/dx/cf/direct/DirectClassFile 52 java/util/zip/ZipFile$ZipFileInflaterInputStream 76 java/lang/StringBuilder 82 java/lang/StringBuilder 88 java/lang/StringBuilder 94 java/lang/StringBuilder
ciMethodData com/android/multidex/ArchivePathElement open (Ljava/lang/String;)Ljava/io/InputStream; 2 8136 orig 204 40 6 13 183 232 32 14 100 208 1 0 0 192 0 0 0 0 0 0 0 0 0 0 0 0 0 0 0 0 0 0 0 0 0 0 0 0 0 0 0 0 0 0 0 0 0 0 0 77 68 79 32 101 120 116 114 97 32 100 97 116 97 32 108 111 99 107 0 0 0 0 0 0 0 0 0 0 0 0 0 0 0 0 0 0 0 0 0 0 0 0 0 0 0 0 0 0 0 0 0 0 0 0 0 0 0 0 0 0 0 0 0 0 0 0 0 0 0 0 0 0 0 0 0 0 0 0 0 0 0 0 0 0 0 0 0 0 0 0 0 0 0 0 0 0 0 0 0 0 0 0 0 0 0 0 0 0 0 0 0 0 2 0 0 65 238 0 0 1 0 0 0 0 0 0 0 0 0 0 0 2 0 0 0 0 0 7 0 2 0 0 0 224 0 0 0 255 255 255 255 5 0 5 0 data 56 0x50005 0x0 0x62e7bc80 0x1dc8 0x0 0x0 0xa0007 0x320 0x80 0x1aa8 0x150002 0x1aa8 0x1a0005 0x204 0xb652ffb0 0x18a4 0x0 0x0 0x1e0005 0x204 0xb652ffb0 0x18a4 0x0 0x0 0x230005 0x204 0xb652ffb0 0x18a4 0x0 0x0 0x260005 0x204 0xb652ffb0 0x18a4 0x0 0x0 0x290002 0x1aa8 0x2e0005 0x0 0x62e7bdf8 0x320 0x0 0x0 0x310007 0x320 0x18 0x0 0x380002 0x0 0x410005 0x0 0x62e7bc80 0x320 0x0 0x0 oops 7 2 java/util/zip/ZipFile 14 java/lang/StringBuilder 20 java/lang/StringBuilder 26 java/lang/StringBuilder 32 java/lang/StringBuilder 40 java/util/zip/ZipEntry 52 java/util/zip/ZipFile
ciMethodData com/android/dx/cf/direct/DirectClassFile getSuperclass ()Lcom/android/dx/rop/cst/CstType; 1 584 orig 204 40 6 13 183 32 63 14 100 224 0 0 0 0 0 0 0 0 0 0 0 0 0 0 0 0 0 0 0 0 0 0 0 0 0 0 0 0 0 0 0 0 0 0 0 0 0 0 0 77 68 79 32 101 120 116 114 97 32 100 97 116 97 32 108 111 99 107 0 0 0 0 0 0 0 0 0 0 0 0 0 0 0 0 0 0 0 0 0 0 0 0 0 0 0 0 0 0 0 0 0 0 0 0 0 0 0 0 0 0 0 0 0 0 0 0 0 0 0 0 0 0 0 0 0 0 0 0 0 0 0 0 0 0 0 0 0 0 0 0 0 0 0 0 0 0 0 0 0 0 0 0 0 0 0 0 0 0 0 0 0 32 0 0 0 65 17 0 0 1 0 0 0 0 0 0 0 0 0 0 0 2 0 0 0 0 0 0 0 0 0 0 0 8 0 0 0 255 255 255 255 2 0 1 0 data 2 0x10002 0x228 oops 0
ciMethodData com/android/dx/rop/type/Type getClassName ()Ljava/lang/String; 1 765 orig 204 40 6 13 183 248 133 15 100 224 1 0 0 184 0 0 0 0 0 0 0 0 0 0 0 0 0 0 0 0 0 0 0 0 0 0 0 0 0 0 0 0 0 0 0 0 0 0 0 77 68 79 32 101 120 116 114 97 32 100 97 116 97 32 108 111 99 107 0 0 0 0 0 0 0 0 0 0 0 0 0 0 0 0 0 0 0 0 0 0 0 0 0 0 0 0 0 0 0 0 0 0 0 0 0 0 0 0 0 0 0 0 0 0 0 0 0 0 0 0 0 0 0 0 0 0 0 0 0 0 0 0 0 0 0 0 0 0 0 0 0 0 0 0 0 0 0 0 0 0 0 0 0 0 0 0 0 0 0 0 0 40 0 0 0 169 22 0 0 1 0 0 0 0 0 0 0 0 0 0 0 2 0 0 0 0 0 18 0 2 0 0 0 244 0 0 0 255 255 255 255 7 0 4 0 data 61 0x40007 0x231 0xf4 0xa4 0x80005 0x54 0x62f31908 0x50 0x0 0x0 0xb0007 0xa4 0x68 0x0 0x160002 0x0 0x1b0005 0x0 0x0 0x0 0x0 0x0 0x220005 0x0 0x0 0x0 0x0 0x0 0x250005 0x0 0x0 0x0 0x0 0x0 0x280002 0x0 0x310005 0x54 0xb652e900 0x50 0x0 0x0 0x360007 0xa4 0x1c 0x0 0x410003 0x0 0x3c 0x4e0005 0x54 0xb652e900 0x50 0x0 0x0 0x530005 0x54 0xb652e900 0x50 0x0 0x0 oops 4 6 com/android/dx/rop/type/Type 38 java/lang/String 51 java/lang/String 57 java/lang/String
ciMethodData com/android/dx/cf/direct/DirectClassFile getInterfaces ()Lcom/android/dx/rop/type/TypeList; 1 619 orig 204 40 6 13 183 96 64 14 100 224 0 0 0 0 0 0 0 0 0 0 0 0 0 0 0 0 0 0 0 0 0 0 0 0 0 0 0 0 0 0 0 0 0 0 0 0 0 0 0 77 68 79 32 101 120 116 114 97 32 100 97 116 97 32 108 111 99 107 0 0 0 0 0 0 0 0 0 0 0 0 0 0 0 0 0 0 0 0 0 0 0 0 0 0 0 0 0 0 0 0 0 0 0 0 0 0 0 0 0 0 0 0 0 0 0 0 0 0 0 0 0 0 0 0 0 0 0 0 0 0 0 0 0 0 0 0 0 0 0 0 0 0 0 0 0 0 0 0 0 0 0 0 0 0 0 0 0 0 0 0 0 31 0 0 0 97 18 0 0 1 0 0 0 0 0 0 0 0 0 0 0 2 0 0 0 0 0 0 0 0 0 0 0 8 0 0 0 255 255 255 255 2 0 1 0 data 2 0x10002 0x24c oops 0
ciMethodData com/android/multidex/Path readStream (Ljava/io/InputStream;Ljava/io/ByteArrayOutputStream;[B)[B 1 937 orig 204 40 6 13 183 232 216 13 100 160 1 0 0 124 0 0 0 0 0 0 0 0 0 0 0 0 0 0 0 0 0 0 0 0 0 0 0 0 0 0 0 0 0 0 0 0 0 0 0 77 68 79 32 101 120 116 114 97 32 100 97 116 97 32 108 111 99 107 0 0 0 0 0 0 0 0 0 0 0 0 0 0 0 0 0 0 0 0 0 0 0 0 0 0 0 0 0 0 0 0 0 0 0 0 0 0 0 0 0 0 0 0 0 0 0 0 0 0 0 0 0 0 0 0 0 0 0 0 0 0 0 0 0 0 0 0 0 0 0 0 0 0 0 0 0 0 0 0 0 0 0 0 0 0 0 0 0 0 0 0 0 99 0 0 0 169 24 0 0 49 26 0 0 0 0 0 0 0 0 0 0 2 0 0 0 1 0 16 0 2 0 0 0 172 0 0 0 255 255 255 255 5 0 2 0 data 43 0x20005 0x0 0x66777488 0x65a 0x0 0x0 0x70007 0x345 0x1c 0x315 0xa0003 0x315 0x30 0x110005 0x0 0x66775ba0 0x345 0x0 0x0 0x140003 0x345 0xffffffb4 0x180005 0x0 0x66777488 0x315 0x0 0x0 0x1b0003 0x315 0x24 0x210005 0x0 0x0 0x0 0x0 0x0 0x280005 0x0 0x66775ba0 0x315 0x0 0x0 oops 4 2 java/util/zip/ZipFile$ZipFileInflaterInputStream 15 java/io/ByteArrayOutputStream 24 java/util/zip/ZipFile$ZipFileInflaterInputStream 39 java/io/ByteArrayOutputStream
ciMethodData com/android/dx/cf/direct/DirectClassFile <init> ([BLjava/lang/String;Z)V 1 886 orig 204 40 6 13 183 80 58 14 100 244 0 0 0 0 0 0 0 0 0 0 0 0 0 0 0 0 0 0 0 0 0 0 0 0 0 0 0 0 0 0 0 0 0 0 0 0 0 0 0 77 68 79 32 101 120 116 114 97 32 100 97 116 97 32 108 111 99 107 0 0 0 0 0 0 0 0 0 0 0 0 0 0 0 0 0 0 0 0 0 0 0 0 0 0 0 0 0 0 0 0 0 0 0 0 0 0 0 0 0 0 0 0 0 0 0 0 0 0 0 0 0 0 0 0 0 0 0 0 0 0 0 0 0 0 0 0 0 0 0 0 0 0 0 0 0 0 0 0 0 0 0 0 0 0 0 0 0 0 0 0 0 97 0 0 0 169 24 0 0 1 0 0 0 0 0 0 0 0 0 0 0 2 0 0 0 0 0 0 0 0 0 0 0 16 0 0 0 255 255 255 255 2 0 6 0 data 4 0x60002 0x315 0xb0002 0x315 oops 0
ciMethodData com/android/dx/util/ByteArray <init> ([B)V 1 889 orig 204 40 6 13 183 200 119 14 100 228 0 0 0 0 0 0 0 0 0 0 0 0 0 0 0 0 0 0 0 0 0 0 0 0 0 0 0 0 0 0 0 0 0 0 0 0 0 0 0 77 68 79 32 101 120 116 114 97 32 100 97 116 97 32 108 111 99 107 0 0 0 0 0 0 0 0 0 0 0 0 0 0 0 0 0 0 0 0 0 0 0 0 0 0 0 0 0 0 0 0 0 0 0 0 0 0 0 0 0 0 0 0 0 0 0 0 0 0 0 0 0 0 0 0 0 0 0 0 0 0 0 0 0 0 0 0 0 0 0 0 0 0 0 0 0 0 0 0 0 0 0 0 0 0 0 0 0 0 0 0 0 100 0 0 0 169 24 0 0 1 0 0 0 0 0 0 0 0 0 0 0 2 0 0 0 0 0 0 0 0 0 0 0 8 0 0 0 255 255 255 255 2 0 5 0 data 2 0x50002 0x315 oops 0
ciMethodData com/android/dx/cf/direct/DirectClassFile <init> (Lcom/android/dx/util/ByteArray;Ljava/lang/String;Z)V 1 886 orig 204 40 6 13 183 144 57 14 100 28 1 0 0 24 0 0 0 0 0 0 0 0 0 0 0 0 0 0 0 0 0 0 0 0 0 0 0 0 0 0 0 0 0 0 0 0 0 0 0 77 68 79 32 101 120 116 114 97 32 100 97 116 97 32 108 111 99 107 0 0 0 0 0 0 0 0 0 0 0 0 0 0 0 0 0 0 0 0 0 0 0 0 0 0 0 0 0 0 0 0 0 0 0 0 0 0 0 0 0 0 0 0 0 0 0 0 0 0 0 0 0 0 0 0 0 0 0 0 0 0 0 0 0 0 0 0 0 0 0 0 0 0 0 0 0 0 0 0 0 0 0 0 0 0 0 0 0 0 0 0 0 97 0 0 0 169 24 0 0 1 0 0 0 0 0 0 0 0 0 0 0 2 0 0 0 0 0 7 0 2 0 0 0 56 0 0 0 255 255 255 255 2 0 1 0 data 14 0x10002 0x315 0x50007 0x315 0x18 0x0 0xe0002 0x0 0x130007 0x315 0x18 0x0 0x1c0002 0x0 oops 0
ciMethodData com/android/dx/cf/direct/DirectClassFile setAttributeFactory (Lcom/android/dx/cf/direct/AttributeFactory;)V 1 887 orig 204 40 6 13 183 96 59 14 100 244 0 0 0 0 0 0 0 0 0 0 0 0 0 0 0 0 0 0 0 0 0 0 0 0 0 0 0 0 0 0 0 0 0 0 0 0 0 0 0 77 68 79 32 101 120 116 114 97 32 100 97 116 97 32 108 111 99 107 0 0 0 0 0 0 0 0 0 0 0 0 0 0 0 0 0 0 0 0 0 0 0 0 0 0 0 0 0 0 0 0 0 0 0 0 0 0 0 0 0 0 0 0 0 0 0 0 0 0 0 0 0 0 0 0 0 0 0 0 0 0 0 0 0 0 0 0 0 0 0 0 0 0 0 0 0 0 0 0 0 0 0 0 0 0 0 0 0 0 0 0 0 97 0 0 0 177 24 0 0 1 0 0 0 0 0 0 0 0 0 0 0 2 0 0 0 0 0 0 0 0 0 0 0 24 0 0 0 255 255 255 255 7 0 1 0 data 6 0x10007 0x316 0x18 0x0 0xa0002 0x0 oops 0
ciMethod com/android/dx/cf/iface/ParseObserver parsed (Lcom/android/dx/util/ByteArray;IILjava/lang/String;)V 0 0 1 0 -1
ciInstanceKlass com/android/dx/cf/iface/ParseObserver 0 0 15 100 100 1 1 1 1 1 1 1 1 1 1 1 1
ciMethodData com/android/dx/rop/type/Type isReference ()Z 1 1083 orig 204 40 6 13 183 248 137 15 100 244 0 0 0 0 0 0 0 0 0 0 0 0 0 0 0 0 0 0 0 0 0 0 0 0 0 0 0 0 0 0 0 0 0 0 0 0 0 0 0 77 68 79 32 101 120 116 114 97 32 100 97 116 97 32 108 111 99 107 0 0 0 0 0 0 0 0 0 0 0 0 0 0 0 0 0 0 0 0 0 0 0 0 0 0 0 0 0 0 0 0 0 0 0 0 0 0 0 0 0 0 0 0 0 0 0 0 0 0 0 0 0 0 0 0 0 0 0 0 0 0 0 0 0 0 0 0 0 0 0 0 0 0 0 0 0 0 0 0 0 0 0 0 0 0 0 0 0 0 0 0 0 0 1 0 0 217 25 0 0 1 0 0 0 0 0 0 0 0 0 0 0 2 0 0 0 0 0 6 0 2 0 0 0 28 0 0 0 255 255 255 255 7 0 6 0 data 7 0x60007 0x0 0x1c 0x33b 0xa0003 0x33b 0xc oops 0
ciMethodData com/android/dx/cf/direct/DirectClassFile parse0 ()V 1 1125 orig 204 40 6 13 183 104 76 14 100 216 10 0 0 184 9 0 0 0 0 0 0 0 0 0 0 0 0 0 0 0 0 0 0 0 0 0 0 0 0 0 0 0 0 0 0 0 0 0 0 77 68 79 32 101 120 116 114 97 32 100 97 116 97 32 108 111 99 107 0 0 0 0 0 0 0 0 0 0 0 0 0 0 0 0 0 0 0 0 0 0 0 0 0 0 0 0 0 0 0 0 0 0 0 0 0 0 0 0 0 0 0 0 0 0 0 0 0 0 0 0 0 0 0 0 0 0 0 0 0 0 0 0 0 0 0 0 0 0 0 0 0 0 0 0 0 0 0 0 0 0 0 0 0 0 0 0 0 0 0 0 0 9 1 0 0 225 26 0 0 1 0 0 0 0 0 0 0 0 0 0 0 2 0 0 0 0 0 95 0 2 0 0 0 232 9 0 0 255 255 255 255 5 0 4 0 data 634 0x40005 0x20 0x63129b28 0x33c 0x0 0x0 0x90007 0x35c 0x18 0x0 0x120002 0x0 0x1a0007 0x35c 0x1c0 0x0 0x290005 0x0 0x0 0x0 0x0 0x0 0x3c0002 0x0 0x410005 0x0 0x0 0x0 0x0 0x0 0x450005 0x0 0x0 0x0 0x0 0x0 0x480002 0x0 0x4b0005 0x0 0x0 0x0 0x0 0x0 0x4e0005 0x0 0x0 0x0 0x0 0x0 0x510005 0x0 0x0 0x0 0x0 0x0 0x640002 0x0 0x690005 0x0 0x0 0x0 0x0 0x0 0x6d0005 0x0 0x0 0x0 0x0 0x0 0x700002 0x0 0x730005 0x0 0x0 0x0 0x0 0x0 0x760005 0x0 0x0 0x0 0x0 0x0 0x790005 0x0 0x0 0x0 0x0 0x0 0x8d0002 0x0 0x920005 0x0 0x0 0x0 0x0 0x0 0x960005 0x0 0x0 0x0 0x0 0x0 0x990002 0x0 0x9c0005 0x0 0x0 0x0 0x0 0x0 0x9f0005 0x0 0x0 0x0 0x0 0x0 0xa20005 0x0 0x0 0x0 0x0 0x0 0xab0007 0x35c 0x1a0 0x0 0xb00005 0x0 0x0 0x0 0x0 0x0 0xb40005 0x0 0x0 0x0 0x0 0x0 0xb80005 0x0 0x0 0x0 0x0 0x0 0xbb0002 0x0 0xbe0007 0x0 0x140 0x0 0xc90002 0x0 0xce0005 0x0 0x0 0x0 0x0 0x0 0xd20005 0x0 0x0 0x0 0x0 0x0 0xd50002 0x0 0xd80005 0x0 0x0 0x0 0x0 0x0 0xdd0005 0x0 0x0 0x0 0x0 0x0 0xe10005 0x0 0x0 0x0 0x0 0x0 0xe40002 0x0 0xe70005 0x0 0x0 0x0 0x0 0x0 0xec0005 0x0 0x0 0x0 0x0 0x0 0xf00005 0x0 0x0 0x0 0x0 0x0 0xf30002 0x0 0xf60005 0x0 0x0 0x0 0x0 0x0 0xfb0005 0x0 0x0 0x0 0x0 0x0 0xfe0005 0x0 0x0 0x0 0x0 0x0 0x1010002 0x0 0x10d0002 0x35c 0x1160005 0x20 0x63994c00 0x33c 0x0 0x0 0x11b0005 0x20 0x63994c00 0x33c 0x0 0x0 0x1250005 0x0 0x63994f38 0x35b 0x0 0x0 0x1290005 0x20 0x63994c00 0x33b 0x0 0x0 0x1320005 0x20 0x63129b28 0x33b 0x0 0x0 0x13d0005 0x20 0x63129b28 0x33b 0x0 0x0 0x1490005 0x20 0x63994f38 0x33b 0x0 0x0 0x14c0004 0x0 0x62f318a8 0x35b 0x0 0x0 0x1590005 0x20 0x63129b28 0x33b 0x0 0x0 0x1650005 0x20 0x63994f38 0x33b 0x0 0x0 0x1680004 0x0 0x62f318a8 0x35b 0x0 0x0 0x1760005 0x20 0x63129b28 0x33b 0x0 0x0 0x17f0007 0x35b 0x1f0 0x0 0x1900002 0x0 0x1950005 0x0 0x0 0x0 0x0 0x0 0x1990002 0x0 0x19c0005 0x0 0x0 0x0 0x0 0x0 0x19f0005 0x0 0x0 0x0 0x0 0x0 0x1a20005 0x0 0x0 0x0 0x0 0x0 0x1b70002 0x0 0x1bc0005 0x0 0x0 0x0 0x0 0x0 0x1c30005 0x0 0x0 0x0 0x0 0x0 0x1c60005 0x0 0x0 0x0 0x0 0x0 0x1c90005 0x0 0x0 0x0 0x0 0x0 0x1de0002 0x0 0x1e30005 0x0 0x0 0x0 0x0 0x0 0x1ea0002 0x0 0x1ed0005 0x0 0x0 0x0 0x0 0x0 0x1f00005 0x0 0x0 0x0 0x0 0x0 0x1f30005 0x0 0x0 0x0 0x0 0x0 0x2090002 0x0 0x20e0005 0x0 0x0 0x0 0x0 0x0 0x2130002 0x0 0x2160005 0x0 0x0 0x0 0x0 0x0 0x2190005 0x0 0x0 0x0 0x0 0x0 0x21c0005 0x0 0x0 0x0 0x0 0x0 0x2230007 0x0 0x28 0x0 0x2350005 0x0 0x0 0x0 0x0 0x0 0x2420005 0x0 0x62f31848 0x35b 0x0 0x0 0x2530007 0x35b 0x170 0x0 0x25a0005 0x0 0x0 0x0 0x0 0x0 0x25d0005 0x0 0x0 0x0 0x0 0x0 0x2680005 0x0 0x0 0x0 0x0 0x0 0x26b0007 0x0 0x78 0x0 0x2740005 0x0 0x0 0x0 0x0 0x0 0x2770007 0x0 0x50 0x0 0x27e0005 0x0 0x0 0x0 0x0 0x0 0x2830005 0x0 0x0 0x0 0x0 0x0 0x2890007 0x0 0xb0 0x0 0x2940002 0x0 0x2990005 0x0 0x0 0x0 0x0 0x0 0x29e0005 0x0 0x0 0x0 0x0 0x0 0x2a30005 0x0 0x0 0x0 0x0 0x0 0x2aa0005 0x0 0x0 0x0 0x0 0x0 0x2af0005 0x0 0x0 0x0 0x0 0x0 0x2b20005 0x0 0x0 0x0 0x0 0x0 0x2b50002 0x0 0x2cc0002 0x35b 0x2d70005 0x20 0x6677d000 0x33b 0x0 0x0 0x2dd0005 0x20 0x6677d000 0x33b 0x0 0x0 0x2e50005 0x0 0x6677d000 0x35b 0x0 0x0 0x2f70002 0x35b 0x3020005 0x20 0x6677d690 0x33b 0x0 0x0 0x3080005 0x20 0x6677d690 0x33b 0x0 0x0 0x3100005 0x0 0x6677d690 0x35b 0x0 0x0 0x31f0002 0x35b 0x32a0005 0x20 0x6677da70 0x33b 0x0 0x0 0x3300005 0x20 0x6677da70 0x33b 0x0 0x0 0x33a0005 0x0 0x6677ddb8 0x35b 0x0 0x0 0x33f0005 0x20 0x6677da70 0x33b 0x0 0x0 0x3480005 0x20 0x63129b28 0x33b 0x0 0x0 0x34b0007 0x35b 0x70 0x0 0x3560002 0x0 0x35b0005 0x0 0x0 0x0 0x0 0x0 0x35f0002 0x0 0x3620005 0x0 0x0 0x0 0x0 0x0 0x3650005 0x0 0x0 0x0 0x0 0x0 0x3680002 0x0 0x3700007 0x35b 0x28 0x0 0x37f0005 0x0 0x0 0x0 0x0 0x0 oops 25 2 com/android/dx/util/ByteArray 232 com/android/dx/cf/cst/ConstantPoolParser 238 com/android/dx/cf/cst/ConstantPoolParser 244 com/android/dx/rop/cst/StdConstantPool 250 com/android/dx/cf/cst/ConstantPoolParser 256 com/android/dx/util/ByteArray 262 com/android/dx/util/ByteArray 268 com/android/dx/rop/cst/StdConstantPool 274 com/android/dx/rop/cst/CstType 280 com/android/dx/util/ByteArray 286 com/android/dx/rop/cst/StdConstantPool 292 com/android/dx/rop/cst/CstType 298 com/android/dx/util/ByteArray 428 com/android/dx/cf/direct/DirectClassFile 528 com/android/dx/cf/direct/FieldListParser 534 com/android/dx/cf/direct/FieldListParser 540 com/android/dx/cf/direct/FieldListParser 548 com/android/dx/cf/direct/MethodListParser 554 com/android/dx/cf/direct/MethodListParser 560 com/android/dx/cf/direct/MethodListParser 568 com/android/dx/cf/direct/AttributeListParser 574 com/android/dx/cf/direct/AttributeListParser 580 com/android/dx/cf/iface/StdAttributeList 586 com/android/dx/cf/direct/AttributeListParser 592 com/android/dx/util/ByteArray
ciMethodData com/android/dx/cf/direct/DirectClassFile$DcfTypeList getType (I)Lcom/android/dx/rop/type/Type; 1 283 orig 204 40 6 13 183 152 137 17 100 80 1 0 0 0 0 0 0 0 0 0 0 0 0 0 0 0 0 0 0 0 0 0 0 0 0 0 0 0 0 0 0 0 0 0 0 0 0 0 0 77 68 79 32 101 120 116 114 97 32 100 97 116 97 32 108 111 99 107 0 0 0 0 0 0 0 0 0 0 0 0 0 0 0 0 0 0 0 0 0 0 0 0 0 0 0 0 0 0 0 0 0 0 0 0 0 0 0 0 0 0 0 0 0 0 0 0 0 0 0 0 0 0 0 0 0 0 0 0 0 0 0 0 0 0 0 0 0 0 0 0 0 0 0 0 0 0 0 0 0 0 0 0 0 0 0 0 0 0 0 0 0 1 1 0 0 209 0 0 0 1 0 0 0 0 0 0 0 0 0 0 0 2 0 0 0 0 0 8 0 2 0 0 0 96 0 0 0 255 255 255 255 5 0 7 0 data 24 0x70005 0x0 0x63129b28 0x1a 0x0 0x0 0x100005 0x0 0x63994f38 0x1a 0x0 0x0 0x130004 0x0 0x62f318a8 0x1a 0x0 0x0 0x160005 0x0 0x62f318a8 0x1a 0x0 0x0 oops 4 2 com/android/dx/util/ByteArray 8 com/android/dx/rop/cst/StdConstantPool 14 com/android/dx/rop/cst/CstType 20 com/android/dx/rop/cst/CstType
compile com/android/multidex/ClassReferenceListBuilder addClassWithHierachy (Ljava/lang/String;)V -1 4 inline 242 0 -1 com/android/multidex/ClassReferenceListBuilder addClassWithHierachy (Ljava/lang/String;)V 1 5 java/util/HashSet contains (Ljava/lang/Object;)Z 2 5 java/util/HashMap containsKey (Ljava/lang/Object;)Z 3 2 java/util/HashMap hash (Ljava/lang/Object;)I 4 9 java/lang/String hashCode ()I 3 6 java/util/HashMap getNode (ILjava/lang/Object;)Ljava/util/HashMap$Node; 1 22 java/lang/StringBuilder <init> ()V 1 26 java/lang/StringBuilder append (Ljava/lang/String;)Ljava/lang/StringBuilder; 1 31 java/lang/StringBuilder append (Ljava/lang/String;)Ljava/lang/StringBuilder; 1 34 java/lang/StringBuilder toString ()Ljava/lang/String; 1 37 com/android/multidex/Path getClass (Ljava/lang/String;)Lcom/android/dx/cf/direct/DirectClassFile; 2 6 java/util/ArrayList iterator ()Ljava/util/Iterator; 2 13 java/util/ArrayList$Itr hasNext ()Z 3 8 java/util/ArrayList access$100 (Ljava/util/ArrayList;)I 2 22 java/util/ArrayList$Itr next ()Ljava/lang/Object; 3 1 java/util/ArrayList$Itr checkForComodification ()V 3 14 java/util/ArrayList access$100 (Ljava/util/ArrayList;)I 2 35 com/android/multidex/ArchivePathElement open (Ljava/lang/String;)Ljava/io/InputStream; 3 5 java/util/zip/ZipFile getEntry (Ljava/lang/String;)Ljava/util/zip/ZipEntry; 4 22 java/util/zip/ZipFile ensureOpen ()V 4 34 java/util/zip/ZipCoder getBytes (Ljava/lang/String;)[B 5 1 java/util/zip/ZipCoder encoder ()Ljava/nio/charset/CharsetEncoder; 5 4 java/nio/charset/CharsetEncoder reset ()Ljava/nio/charset/CharsetEncoder; 6 1 java/nio/charset/CharsetEncoder implReset ()V 5 9 java/lang/String toCharArray ()[C 5 17 java/nio/charset/CharsetEncoder maxBytesPerChar ()F 5 89 java/util/Arrays copyOf ([BI)[B 4 51 java/util/zip/ZipFile getZipEntry (Ljava/lang/String;J)Ljava/util/zip/ZipEntry; 5 4 java/util/zip/ZipEntry <init> ()V 6 1 java/lang/Object <init> ()V 3 21 java/lang/StringBuilder <init> ()V 3 26 java/lang/StringBuilder append (Ljava/lang/String;)Ljava/lang/StringBuilder; 3 30 java/lang/StringBuilder append (Ljava/lang/String;)Ljava/lang/StringBuilder; 3 35 java/lang/StringBuilder append (Ljava/lang/String;)Ljava/lang/StringBuilder; 3 38 java/lang/StringBuilder toString ()Ljava/lang/String; 3 46 java/util/zip/ZipEntry isDirectory ()Z 4 6 java/lang/String endsWith (Ljava/lang/String;)Z 5 13 java/lang/String startsWith (Ljava/lang/String;I)Z 3 65 java/util/zip/ZipFile getInputStream (Ljava/util/zip/ZipEntry;)Ljava/io/InputStream; 4 32 java/util/zip/ZipCoder isUTF8 ()Z 4 109 java/util/zip/ZipFile$ZipFileInputStream <init> (Ljava/util/zip/ZipFile;J)V 5 6 java/io/InputStream <init> ()V 6 1 java/lang/Object <init> ()V 5 21 java/util/zip/ZipFile access$1100 (J)J 5 29 java/util/zip/ZipFile access$1200 (J)J 4 239 java/util/zip/ZipFile$ZipFileInflaterInputStream <init> (Ljava/util/zip/ZipFile;Ljava/util/zip/ZipFile$ZipFileInputStream;Ljava/util/zip/Inflater;I)V 5 10 java/util/zip/InflaterInputStream <init> (Ljava/io/InputStream;Ljava/util/zip/Inflater;I)V 6 2 java/io/FilterInputStream <init> (Ljava/io/InputStream;)V 7 1 java/io/InputStream <init> ()V 8 1 java/lang/Object <init> ()V 2 52 com/android/multidex/Path readStream (Ljava/io/InputStream;Ljava/io/ByteArrayOutputStream;[B)[B 3 40 java/io/ByteArrayOutputStream toByteArray ()[B 4 8 java/util/Arrays copyOf ([BI)[B 2 61 java/io/ByteArrayOutputStream reset ()V 2 72 com/android/dx/cf/direct/DirectClassFile <init> ([BLjava/lang/String;Z)V 3 6 com/android/dx/util/ByteArray <init> ([B)V 4 5 com/android/dx/util/ByteArray <init> ([BII)V 5 1 java/lang/Object <init> ()V 3 11 com/android/dx/cf/direct/DirectClassFile <init> (Lcom/android/dx/util/ByteArray;Ljava/lang/String;Z)V 4 1 java/lang/Object <init> ()V 2 80 com/android/dx/cf/direct/DirectClassFile setAttributeFactory (Lcom/android/dx/cf/direct/AttributeFactory;)V 2 85 java/util/zip/ZipFile$ZipFileInflaterInputStream close ()V 3 14 java/util/zip/InflaterInputStream close ()V 3 21 java/util/zip/ZipFile access$000 (Ljava/util/zip/ZipFile;)Ljava/util/Map; 3 31 java/util/zip/ZipFile access$000 (Ljava/util/zip/ZipFile;)Ljava/util/Map; 3 35 java/util/WeakHashMap remove (Ljava/lang/Object;)Ljava/lang/Object; 4 1 java/util/WeakHashMap maskNull (Ljava/lang/Object;)Ljava/lang/Object; 4 7 java/util/WeakHashMap hash (Ljava/lang/Object;)I 4 12 java/util/WeakHashMap getTable ()[Ljava/util/WeakHashMap$Entry; 5 1 java/util/WeakHashMap expungeStaleEntries ()V 6 4 java/lang/ref/ReferenceQueue poll ()Ljava/lang/ref/Reference; 4 21 java/util/WeakHashMap indexFor (II)I 4 64 java/util/WeakHashMap eq (Ljava/lang/Object;Ljava/lang/Object;)Z 3 63 java/util/zip/ZipFile access$100 (Ljava/util/zip/ZipFile;Ljava/util/zip/Inflater;)V 2 118 java/lang/StringBuilder <init> ()V 2 123 java/lang/StringBuilder append (Ljava/lang/String;)Ljava/lang/StringBuilder; 2 127 java/lang/StringBuilder append (Ljava/lang/String;)Ljava/lang/StringBuilder; 2 132 java/lang/StringBuilder append (Ljava/lang/String;)Ljava/lang/StringBuilder; 2 135 java/lang/StringBuilder toString ()Ljava/lang/String; 1 46 java/util/HashSet add (Ljava/lang/Object;)Z 2 8 java/util/HashMap put (Ljava/lang/Object;Ljava/lang/Object;)Ljava/lang/Object; 3 2 java/util/HashMap hash (Ljava/lang/Object;)I 4 9 java/lang/String hashCode ()I 3 9 java/util/HashMap putVal (ILjava/lang/Object;Ljava/lang/Object;ZZ)Ljava/lang/Object; 4 56 java/util/HashMap newNode (ILjava/lang/Object;Ljava/lang/Object;Ljava/util/HashMap$Node;)Ljava/util/HashMap$Node; 5 9 java/util/HashMap$Node <init> (ILjava/lang/Object;Ljava/lang/Object;Ljava/util/HashMap$Node;)V 6 1 java/lang/Object <init> ()V 4 152 java/util/HashMap newNode (ILjava/lang/Object;Ljava/lang/Object;Ljava/util/HashMap$Node;)Ljava/util/HashMap$Node; 5 9 java/util/HashMap$Node <init> (ILjava/lang/Object;Ljava/lang/Object;Ljava/util/HashMap$Node;)V 6 1 java/lang/Object <init> ()V 4 253 java/util/HashMap afterNodeAccess (Ljava/util/HashMap$Node;)V 4 295 java/util/HashMap afterNodeInsertion (Z)V 1 53 com/android/dx/cf/direct/DirectClassFile getSuperclass ()Lcom/android/dx/rop/cst/CstType; 2 1 com/android/dx/cf/direct/DirectClassFile parseToInterfacesIfNecessary ()V 3 9 com/android/dx/cf/direct/DirectClassFile parse ()V 1 63 com/android/dx/rop/cst/CstType getClassType ()Lcom/android/dx/rop/type/Type; 1 66 com/android/dx/rop/type/Type getClassName ()Ljava/lang/String; 2 8 com/android/dx/rop/type/Type isReference ()Z 2 49 java/lang/String charAt (I)C 2 78 java/lang/String length ()I 1 69 com/android/multidex/ClassReferenceListBuilder addClassWithHierachy (Ljava/lang/String;)V 2 5 java/util/HashSet contains (Ljava/lang/Object;)Z 3 5 java/util/HashMap containsKey (Ljava/lang/Object;)Z 4 2 java/util/HashMap hash (Ljava/lang/Object;)I 5 9 java/lang/String hashCode ()I 4 6 java/util/HashMap getNode (ILjava/lang/Object;)Ljava/util/HashMap$Node; 2 22 java/lang/StringBuilder <init> ()V 2 26 java/lang/StringBuilder append (Ljava/lang/String;)Ljava/lang/StringBuilder; 2 31 java/lang/StringBuilder append (Ljava/lang/String;)Ljava/lang/StringBuilder; 2 34 java/lang/StringBuilder toString ()Ljava/lang/String; 2 37 com/android/multidex/Path getClass (Ljava/lang/String;)Lcom/android/dx/cf/direct/DirectClassFile; 3 6 java/util/ArrayList iterator ()Ljava/util/Iterator; 3 13 java/util/ArrayList$Itr hasNext ()Z 4 8 java/util/ArrayList access$100 (Ljava/util/ArrayList;)I 3 22 java/util/ArrayList$Itr next ()Ljava/lang/Object; 4 1 java/util/ArrayList$Itr checkForComodification ()V 4 14 java/util/ArrayList access$100 (Ljava/util/ArrayList;)I 3 35 com/android/multidex/ArchivePathElement open (Ljava/lang/String;)Ljava/io/InputStream; 4 5 java/util/zip/ZipFile getEntry (Ljava/lang/String;)Ljava/util/zip/ZipEntry; 5 22 java/util/zip/ZipFile ensureOpen ()V 5 34 java/util/zip/ZipCoder getBytes (Ljava/lang/String;)[B 6 1 java/util/zip/ZipCoder encoder ()Ljava/nio/charset/CharsetEncoder; 6 4 java/nio/charset/CharsetEncoder reset ()Ljava/nio/charset/CharsetEncoder; 7 1 java/nio/charset/CharsetEncoder implReset ()V 6 9 java/lang/String toCharArray ()[C 6 17 java/nio/charset/CharsetEncoder maxBytesPerChar ()F 6 89 java/util/Arrays copyOf ([BI)[B 5 51 java/util/zip/ZipFile getZipEntry (Ljava/lang/String;J)Ljava/util/zip/ZipEntry; 6 4 java/util/zip/ZipEntry <init> ()V 7 1 java/lang/Object <init> ()V 4 21 java/lang/StringBuilder <init> ()V 4 26 java/lang/StringBuilder append (Ljava/lang/String;)Ljava/lang/StringBuilder; 4 30 java/lang/StringBuilder append (Ljava/lang/String;)Ljava/lang/StringBuilder; 4 35 java/lang/StringBuilder append (Ljava/lang/String;)Ljava/lang/StringBuilder; 4 38 java/lang/StringBuilder toString ()Ljava/lang/String; 4 46 java/util/zip/ZipEntry isDirectory ()Z 5 6 java/lang/String endsWith (Ljava/lang/String;)Z 6 13 java/lang/String startsWith (Ljava/lang/String;I)Z 4 65 java/util/zip/ZipFile getInputStream (Ljava/util/zip/ZipEntry;)Ljava/io/InputStream; 5 32 java/util/zip/ZipCoder isUTF8 ()Z 5 109 java/util/zip/ZipFile$ZipFileInputStream <init> (Ljava/util/zip/ZipFile;J)V 6 6 java/io/InputStream <init> ()V 7 1 java/lang/Object <init> ()V 6 21 java/util/zip/ZipFile access$1100 (J)J 6 29 java/util/zip/ZipFile access$1200 (J)J 5 239 java/util/zip/ZipFile$ZipFileInflaterInputStream <init> (Ljava/util/zip/ZipFile;Ljava/util/zip/ZipFile$ZipFileInputStream;Ljava/util/zip/Inflater;I)V 6 10 java/util/zip/InflaterInputStream <init> (Ljava/io/InputStream;Ljava/util/zip/Inflater;I)V 7 2 java/io/FilterInputStream <init> (Ljava/io/InputStream;)V 8 1 java/io/InputStream <init> ()V 9 1 java/lang/Object <init> ()V 3 52 com/android/multidex/Path readStream (Ljava/io/InputStream;Ljava/io/ByteArrayOutputStream;[B)[B 4 40 java/io/ByteArrayOutputStream toByteArray ()[B 5 8 java/util/Arrays copyOf ([BI)[B 3 61 java/io/ByteArrayOutputStream reset ()V 3 72 com/android/dx/cf/direct/DirectClassFile <init> ([BLjava/lang/String;Z)V 4 6 com/android/dx/util/ByteArray <init> ([B)V 5 5 com/android/dx/util/ByteArray <init> ([BII)V 6 1 java/lang/Object <init> ()V 4 11 com/android/dx/cf/direct/DirectClassFile <init> (Lcom/android/dx/util/ByteArray;Ljava/lang/String;Z)V 5 1 java/lang/Object <init> ()V 3 80 com/android/dx/cf/direct/DirectClassFile setAttributeFactory (Lcom/android/dx/cf/direct/AttributeFactory;)V 3 85 java/util/zip/ZipFile$ZipFileInflaterInputStream close ()V 4 14 java/util/zip/InflaterInputStream close ()V 4 21 java/util/zip/ZipFile access$000 (Ljava/util/zip/ZipFile;)Ljava/util/Map; 4 31 java/util/zip/ZipFile access$000 (Ljava/util/zip/ZipFile;)Ljava/util/Map; 4 35 java/util/WeakHashMap remove (Ljava/lang/Object;)Ljava/lang/Object; 5 1 java/util/WeakHashMap maskNull (Ljava/lang/Object;)Ljava/lang/Object; 5 7 java/util/WeakHashMap hash (Ljava/lang/Object;)I 5 12 java/util/WeakHashMap getTable ()[Ljava/util/WeakHashMap$Entry; 6 1 java/util/WeakHashMap expungeStaleEntries ()V 7 4 java/lang/ref/ReferenceQueue poll ()Ljava/lang/ref/Reference; 5 21 java/util/WeakHashMap indexFor (II)I 5 64 java/util/WeakHashMap eq (Ljava/lang/Object;Ljava/lang/Object;)Z 4 63 java/util/zip/ZipFile access$100 (Ljava/util/zip/ZipFile;Ljava/util/zip/Inflater;)V 3 118 java/lang/StringBuilder <init> ()V 3 123 java/lang/StringBuilder append (Ljava/lang/String;)Ljava/lang/StringBuilder; 3 127 java/lang/StringBuilder append (Ljava/lang/String;)Ljava/lang/StringBuilder; 3 132 java/lang/StringBuilder append (Ljava/lang/String;)Ljava/lang/StringBuilder; 3 135 java/lang/StringBuilder toString ()Ljava/lang/String; 2 46 java/util/HashSet add (Ljava/lang/Object;)Z 3 8 java/util/HashMap put (Ljava/lang/Object;Ljava/lang/Object;)Ljava/lang/Object; 4 2 java/util/HashMap hash (Ljava/lang/Object;)I 5 9 java/lang/String hashCode ()I 4 9 java/util/HashMap putVal (ILjava/lang/Object;Ljava/lang/Object;ZZ)Ljava/lang/Object; 5 56 java/util/HashMap newNode (ILjava/lang/Object;Ljava/lang/Object;Ljava/util/HashMap$Node;)Ljava/util/HashMap$Node; 6 9 java/util/HashMap$Node <init> (ILjava/lang/Object;Ljava/lang/Object;Ljava/util/HashMap$Node;)V 7 1 java/lang/Object <init> ()V 5 152 java/util/HashMap newNode (ILjava/lang/Object;Ljava/lang/Object;Ljava/util/HashMap$Node;)Ljava/util/HashMap$Node; 6 9 java/util/HashMap$Node <init> (ILjava/lang/Object;Ljava/lang/Object;Ljava/util/HashMap$Node;)V 7 1 java/lang/Object <init> ()V 5 253 java/util/HashMap afterNodeAccess (Ljava/util/HashMap$Node;)V 5 295 java/util/HashMap afterNodeInsertion (Z)V 2 53 com/android/dx/cf/direct/DirectClassFile getSuperclass ()Lcom/android/dx/rop/cst/CstType; 3 1 com/android/dx/cf/direct/DirectClassFile parseToInterfacesIfNecessary ()V 4 9 com/android/dx/cf/direct/DirectClassFile parse ()V 2 63 com/android/dx/rop/cst/CstType getClassType ()Lcom/android/dx/rop/type/Type; 2 66 com/android/dx/rop/type/Type getClassName ()Ljava/lang/String; 3 8 com/android/dx/rop/type/Type isReference ()Z 3 49 java/lang/String charAt (I)C 3 78 java/lang/String length ()I 2 73 com/android/dx/cf/direct/DirectClassFile getInterfaces ()Lcom/android/dx/rop/type/TypeList; 3 1 com/android/dx/cf/direct/DirectClassFile parseToInterfacesIfNecessary ()V 4 9 com/android/dx/cf/direct/DirectClassFile parse ()V 2 80 com/android/dx/util/FixedSizeList size ()I 2 80 com/android/dx/cf/direct/DirectClassFile$DcfTypeList size ()I 2 107 com/android/dx/rop/type/Type getClassName ()Ljava/lang/String; 3 8 com/android/dx/rop/type/Type isReference ()Z 3 49 java/lang/String charAt (I)C 3 78 java/lang/String length ()I 1 73 com/android/dx/cf/direct/DirectClassFile getInterfaces ()Lcom/android/dx/rop/type/TypeList; 2 1 com/android/dx/cf/direct/DirectClassFile parseToInterfacesIfNecessary ()V 3 9 com/android/dx/cf/direct/DirectClassFile parse ()V 1 80 com/android/dx/util/FixedSizeList size ()I 1 80 com/android/dx/cf/direct/DirectClassFile$DcfTypeList size ()I 1 107 com/android/dx/rop/type/Type getClassName ()Ljava/lang/String; 2 8 com/android/dx/rop/type/Type isReference ()Z 2 49 java/lang/String charAt (I)C 2 78 java/lang/String length ()I 1 110 com/android/multidex/ClassReferenceListBuilder addClassWithHierachy (Ljava/lang/String;)V 2 5 java/util/HashSet contains (Ljava/lang/Object;)Z 3 5 java/util/HashMap containsKey (Ljava/lang/Object;)Z 4 2 java/util/HashMap hash (Ljava/lang/Object;)I 5 9 java/lang/String hashCode ()I 4 6 java/util/HashMap getNode (ILjava/lang/Object;)Ljava/util/HashMap$Node; 2 22 java/lang/StringBuilder <init> ()V 2 26 java/lang/StringBuilder append (Ljava/lang/String;)Ljava/lang/StringBuilder; 2 31 java/lang/StringBuilder append (Ljava/lang/String;)Ljava/lang/StringBuilder; 2 34 java/lang/StringBuilder toString ()Ljava/lang/String; 2 37 com/android/multidex/Path getClass (Ljava/lang/String;)Lcom/android/dx/cf/direct/DirectClassFile; 3 6 java/util/ArrayList iterator ()Ljava/util/Iterator; 3 13 java/util/ArrayList$Itr hasNext ()Z 4 8 java/util/ArrayList access$100 (Ljava/util/ArrayList;)I 3 22 java/util/ArrayList$Itr next ()Ljava/lang/Object; 4 1 java/util/ArrayList$Itr checkForComodification ()V 4 14 java/util/ArrayList access$100 (Ljava/util/ArrayList;)I 3 35 com/android/multidex/ArchivePathElement open (Ljava/lang/String;)Ljava/io/InputStream; 4 5 java/util/zip/ZipFile getEntry (Ljava/lang/String;)Ljava/util/zip/ZipEntry; 5 22 java/util/zip/ZipFile ensureOpen ()V 3 61 java/io/ByteArrayOutputStream reset ()V 2 63 com/android/dx/rop/cst/CstType getClassType ()Lcom/android/dx/rop/type/Type; 2 80 com/android/dx/util/FixedSizeList size ()I 2 80 com/android/dx/cf/direct/DirectClassFile$DcfTypeList size ()I
